Enter your Prolific ID here,Safety/Danger - 3 - Safety,Urgency - 3 - Urgency,Safety/Danger - 4 - Safety,Urgency - 4 - Urgency,Safety/Danger - 5 - Safety,Urgency - 5 - Urgency,Safety/Danger - 6 - Safety,Urgency - 6 - Urgency,Safety/Danger - 7 - Safety,Urgency - 7 - Urgency,Safety/Danger - 8 - Safety,Urgency - 8 - Urgency,Safety/Danger - 9 - Safety,Urgency - 9 - Urgency,Safety/Danger - 10 - Safety,Urgency - 10 - Urgency,Safety/Danger - 11 - Safety,Urgency - 11 - Urgency,Safety/Danger - 12 - Safety,Urgency - 12 - Urgency,Safety/Danger - 13 - Safety,Urgency - 13 - Urgency,Safety/Danger - 14 - Safety,Urgency - 14 - Urgency,Safety/Danger - 15 - Safety,Urgency - 15 - Urgency,Safety/Danger - 16 - Safety,Urgency - 16 - Urgency,Safety/Danger - 17 - Safety,Urgency - 17 - Urgency,Safety/Danger - 18 - Safety,Urgency - 18 - Urgency,Safety/Danger - 19 - Safety,Urgency - 19 - Urgency,Safety/Danger - 20 - Safety,Urgency - 20 - Urgency,Safety/Danger - 21 - Safety,Urgency - 21 - Urgency,Safety/Danger - 22 - Safety,Urgency - 22 - Urgency,Safety/Danger - 23 - Safety,Urgency - 23 - Urgency,Safety/Danger - 24 - Safety,Urgency - 24 - Urgency,Safety/Danger - 25 - Safety,Urgency - 25 - Urgency,Safety/Danger - 26 - Safety,Urgency - 26 - Urgency,Safety/Danger - 27 - Safety,Urgency - 27 - Urgency,Safety/Danger - 28 - Safety,Urgency - 28 - Urgency,Safety/Danger - 29 - Safety,Urgency - 29 - Urgency,Safety/Danger - 30 - Safety,Urgency - 30 - Urgency,Safety/Danger - 31 - Safety,Urgency - 31 - Urgency,Safety/Danger - 32 - Safety,Urgency - 32 - Urgency,Safety/Danger - 33 - Safety,Urgency - 33 - Urgency,Safety/Danger - 34 - Safety,Urgency - 34 - Urgency,Safety/Danger - 35 - Safety,Urgency - 35 - Urgency,Safety/Danger - 36 - Safety,Urgency - 36 - Urgency,Safety/Danger - 37 - Safety,Urgency - 37 - Urgency,Safety/Danger - 38 - Safety,Urgency - 38 - Urgency,Safety/Danger - 39 - Safety,Urgency - 39 - Urgency,Safety/Danger - 40 - Safety,Urgency - 40 - Urgency,Safety/Danger - 41 - Safety,Urgency - 41 - Urgency,Safety/Danger - 42 - Safety,Urgency - 42 - Urgency,Safety/Danger - 43 - Safety,Urgency - 43 - Urgency,Safety/Danger - 44 - Safety,Urgency - 44 - Urgency,Safety/Danger - 45 - Safety,Urgency - 45 - Urgency,Safety/Danger - 46 - Safety,Urgency - 46 - Urgency,Safety/Danger - 47 - Safety,Urgency - 47 - Urgency,Safety/Danger - 48 - Safety,Urgency - 48 - Urgency,Safety/Danger - 49 - Safety,Urgency - 49 - Urgency,Safety/Danger - 50 - Safety,Urgency - 50 - Urgency,Safety/Danger - 51 - Safety,Urgency - 51 - Urgency,Safety/Danger - 52 - Safety,Urgency - 52 - Urgency,Safety/Danger - 53 - Safety,Urgency - 53 - Urgency,Safety/Danger - 54 - Safety,Urgency - 54 - Urgency,Safety/Danger - 55 - Safety,Urgency - 55 - Urgency,Safety/Danger - 56 - Safety,Urgency - 56 - Urgency,Safety/Danger - 57 - Safety,Urgency - 57 - Urgency,Safety/Danger - 58 - Safety,Urgency - 58 - Urgency,Safety/Danger - 59 - Safety,Urgency - 59 - Urgency,Safety/Danger - 60 - Safety,Urgency - 60 - Urgency,Safety/Danger - 61 - Safety,Urgency - 61 - Urgency,Safety/Danger - 62 - Safety,Urgency - 62 - Urgency,Safety/Danger - 63 - Safety,Urgency - 63 - Urgency,Safety/Danger - 64 - Safety,Urgency - 64 - Urgency,Safety/Danger - 65 - Safety,Urgency - 65 - Urgency,Safety/Danger - 66 - Safety,Urgency - 66 - Urgency,Safety/Danger - 67 - Safety,Urgency - 67 - Urgency,Safety/Danger - 68 - Safety,Urgency - 68 - Urgency,Safety/Danger - 69 - Safety,Urgency - 69 - Urgency,Safety/Danger - 70 - Safety,Urgency - 70 - Urgency,Safety/Danger - 71 - Safety,Urgency - 71 - Urgency,Safety/Danger - 72 - Safety,Urgency - 72 - Urgency,Safety/Danger - 73 - Safety,Urgency - 73 - Urgency,Safety/Danger - 74 - Safety,Urgency - 74 - Urgency,Safety/Danger - 75 - Safety,Urgency - 75 - Urgency,Safety/Danger - 76 - Safety,Urgency - 76 - Urgency,Safety/Danger - 77 - Safety,Urgency - 77 - Urgency,Safety/Danger - 78 - Safety,Urgency - 78 - Urgency,Safety/Danger - 79 - Safety,Urgency - 79 - Urgency,Safety/Danger - 80 - Safety,Urgency - 80 - Urgency,Safety/Danger - 81 - Safety,Urgency - 81 - Urgency,Safety/Danger - 82 - Safety,Urgency - 82 - Urgency,Safety/Danger - 83 - Safety,Urgency - 83 - Urgency,Safety/Danger - 84 - Safety,Urgency - 84 - Urgency,Safety/Danger - 85 - Safety,Urgency - 85 - Urgency,Safety/Danger - 86 - Safety,Urgency - 86 - Urgency,Safety/Danger - 87 - Safety,Urgency - 87 - Urgency,Safety/Danger - 88 - Safety,Urgency - 88 - Urgency,Safety/Danger - 89 - Safety,Urgency - 89 - Urgency,Safety/Danger - 90 - Safety,Urgency - 90 - Urgency,Safety/Danger - 91 - Safety,Urgency - 91 - Urgency,Safety/Danger - 92 - Safety,Urgency - 92 - Urgency,Safety/Danger - 93 - Safety,Urgency - 93 - Urgency,Safety/Danger - 94 - Safety,Urgency - 94 - Urgency,Safety/Danger - 95 - Safety,Urgency - 95 - Urgency,Safety/Danger - 96 - Safety,Urgency - 96 - Urgency,Safety/Danger - 97 - Safety,Urgency - 97 - Urgency,Safety/Danger - 98 - Safety,Urgency - 98 - Urgency,Safety/Danger - 99 - Safety,Urgency - 99 - Urgency,Safety/Danger - 100 - Safety,Urgency - 100 - Urgency,Safety/Danger - 101 - Safety,Urgency - 101 - Urgency,Safety/Danger - 102 - Safety,Urgency - 102 - Urgency,Safety/Danger - 103 - Safety,Urgency - 103 - Urgency,Safety/Danger - 104 - Safety,Urgency - 104 - Urgency,Safety/Danger - 105 - Safety,Urgency - 105 - Urgency,Safety/Danger - 106 - Safety,Urgency - 106 - Urgency,Safety/Danger - 107 - Safety,Urgency - 107 - Urgency,Safety/Danger - 108 - Safety,Urgency - 108 - Urgency,Safety/Danger - 109 - Safety,Urgency - 109 - Urgency,Safety/Danger - 110 - Safety,Urgency - 110 - Urgency,Safety/Danger - 111 - Safety,Urgency - 111 - Urgency,Safety/Danger - 112 - Safety,Urgency - 112 - Urgency,Safety/Danger - 113 - Safety,Urgency - 113 - Urgency,Safety/Danger - 114 - Safety,Urgency - 114 - Urgency,Safety/Danger - 115 - Safety,Urgency - 115 - Urgency,Safety/Danger - 116 - Safety,Urgency - 116 - Urgency,Safety/Danger - 117 - Safety,Urgency - 117 - Urgency,Safety/Danger - 118 - Safety,Urgency - 118 - Urgency,Safety/Danger - 119 - Safety,Urgency - 119 - Urgency,Safety/Danger - 120 - Safety,Urgency - 120 - Urgency,Safety/Danger - 121 - Safety,Urgency - 121 - Urgency,Safety/Danger - 122 - Safety,Urgency - 122 - Urgency,Safety/Danger - 123 - Safety,Urgency - 123 - Urgency,Safety/Danger - 124 - Safety,Urgency - 124 - Urgency,Safety/Danger - 125 - Safety,Urgency - 125 - Urgency,Safety/Danger - 126 - Safety,Urgency - 126 - Urgency,Safety/Danger - 127 - Safety,Urgency - 127 - Urgency,Safety/Danger - 128 - Safety,Urgency - 128 - Urgency,Safety/Danger - 129 - Safety,Urgency - 129 - Urgency,Safety/Danger - 130 - Safety,Urgency - 130 - Urgency,Safety/Danger - 131 - Safety,Urgency - 131 - Urgency,00718 - Safety,Urgency,startedAt
5cdc5bc31f7a97001b6e5c31,0,0,-3,-3,-2,-3,-3,-3,-1,-3,-2,-3,-2,-2,0,0,-3,-3,2,2,2,2,-3,-3,-3,-3,-2,-1,-3,-3,-2,-3,1,3,-3,-3,-3,-3,-2,-3,-3,-3,-2,-3,1,1,2,2,1,3,2,2,-2,-3,-2,-2,-3,-3,2,1,1,1,-3,-3,-2,-2,-3,-3,-3,-3,-2,-3,1,2,-2,-2,2,3,2,0,-2,0,-3,-3,1,1,0,0,2,2,1,1,0,0,-1,-2,2,2,1,2,-3,-3,0,0,3,2,3,2,-2,0,-2,-2,1,1,-3,-3,-2,-3,-3,-3,-3,-3,-3,-3,0,0,-3,-3,1,1,-2,-3,-3,-3,-3,-3,-3,-3,-2,-3,-3,-3,-3,-3,-3,-3,-3,-3,-3,-3,-3,-2,-3,-3,-3,-3,-3,-3,-3,-3,-3,-3,-1,-2,-3,-3,-3,-3,-3,-3,-3,-3,-3,-3,-3,-2,0,-3,-3,-3,0,-3,-3,-3,-3,-3,-3,-2,-3,-3,-3,-3,-3,-3,-3,-2,-2,-2,-2,-2,-3,-3,-3,-3,-3,-3,-3,-3,-3,-3,-3,-3,-3,-3,-3,-2,-3,-3,-3,-3,-3,-3,-2,-3,-2,-2,-3,-3,-3,-3,-3,-3,-3,-2,-3,-3,-3,-3,-3,-3,-3,-3,-3,-3,-3,-3,-3,-2,-3,-3,-3,-3,-3,-3,-3,-3,-3,-3,0,2,9:04 AM
66c0d0ac9823f6ea72d68674,2,1,-2,-2,0,0,0,0,0,0,-3,-3,-3,-3,0,0,-3,-3,2,1,1,0,0,0,0,0,2,2,1,0,1,1,1,0,0,0,-1,-2,-3,-3,2,2,1,1,0,0,2,0,1,2,2,2,1,0,1,0,-3,-3,2,2,-1,-1,0,0,-3,-3,-3,-3,-3,-3,-3,-3,3,2,0,0,1,0,3,3,1,1,0,0,2,0,-3,-3,2,1,1,1,1,0,0,0,0,0,1,2,0,0,-3,-3,3,3,1,0,1,1,0,0,1,1,1,0,0,0,3,3,1,0,1,0,2,0,0,0,0,0,2,2,1,0,-1,-1,1,0,1,0,-2,-2,1,0,0,0,0,0,0,0,1,0,0,0,1,0,1,0,1,0,1,0,0,0,-2,-2,-2,-3,0,0,0,0,0,0,1,-1,0,0,0,0,-2,-2,0,0,0,0,-3,-3,-1,-1,0,0,0,0,1,1,0,0,0,0,1,0,1,1,1,0,0,0,1,0,1,1,0,0,1,0,0,0,0,0,2,1,2,2,1,2,0,-1,0,0,0,0,0,0,-2,-3,0,0,-1,-1,0,0,0,0,0,0,0,0,0,0,-1,-1,1,0,0,0,0,0,0,2,9:04 AM
611c5f3113a2b1829b72d8dc,0,0,0,-1,1,-1,-1,0,0,0,-2,-1,-2,0,-1,0,-3,-2,1,0,1,0,0,0,0,0,1,0,1,0,1,1,0,0,0,1,0,0,-1,-1,-2,-1,2,0,0,-1,2,0,0,1,1,0,-1,0,0,0,0,0,1,1,0,-1,0,0,0,0,0,-1,-1,-1,0,-2,0,-1,-1,0,0,0,0,-1,-1,-1,0,-2,0,-1,0,-2,1,1,0,1,0,0,0,0,0,1,-2,-1,0,0,0,0,2,1,0,-2,0,0,0,-1,1,0,0,-1,0,0,0,0,0,0,-1,0,0,-1,-2,0,0,0,0,-2,0,0,0,0,-1,-1,0,0,0,-1,1,-1,0,0,0,0,0,0,0,0,0,0,0,0,0,0,0,1,0,0,0,0,0,0,0,0,0,0,0,0,0,0,0,0,0,0,-1,-2,0,-1,0,-2,0,0,0,0,1,0,0,0,0,0,0,0,1,0,0,0,1,0,0,0,1,0,0,0,0,0,0,0,1,0,0,0,1,1,1,0,1,0,0,0,1,0,0,0,1,0,0,-1,0,0,0,-1,0,0,0,-2,0,-1,0,0,0,0,0,0,0,0,0,0,-1,-1,0,0,0,0,0,2,9:04 AM
56bd0347d4e218000ca87e53,-3,-3,-3,-3,-3,-3,-3,-3,-1,-2,-3,1,-3,-1,-3,-3,-1,1,-3,-3,1,-1,-1,1,0,-1,-3,-3,0,1,-3,1,-3,-3,-3,-3,1,-1,0,0,-3,-3,-1,-2,1,1,1,1,-3,-3,-3,-3,-3,-3,-1,-1,-1,2,-3,-3,-3,-2,-1,1,-3,-2,0,-3,-3,-1,-3,-3,-3,-3,-2,0,-3,-3,-3,-3,-3,1,-2,-3,2,-3,-1,-3,-2,-3,-3,-3,1,2,1,2,-3,-1,0,-1,-1,1,1,2,-3,-3,-3,-3,1,1,0,1,-3,-3,-1,0,-3,-3,-3,-3,3,1,2,0,-3,-3,0,0,0,0,-1,1,1,1,-1,-1,-3,0,2,1,1,1,-1,-1,0,1,1,1,1,2,1,-1,1,1,2,2,1,3,2,2,2,1,-3,-2,-2,-1,-1,-2,-2,0,1,0,1,-1,1,1,1,1,1,1,1,-3,-2,-1,-3,1,-3,-3,-1,1,-3,-3,1,0,-2,-1,-3,-3,1,-1,-1,-2,1,1,-1,1,0,1,1,2,1,1,2,1,1,2,2,1,-2,1,3,3,3,3,3,1,-1,-2,-3,-3,0,0,-3,-1,-1,-1,-1,0,-1,0,-1,1,2,1,1,2,1,1,2,1,-2,-1,-3,-2,1,-1,-2,-3,0,2,9:04 AM
60b7c64c7288ae3ffb2e234c,0,0,0,0,0,0,-3,0,0,0,-2,-1,0,0,0,0,-2,-1,1,2,1,1,-1,1,0,0,2,2,0,0,1,1,1,2,1,1,0,0,0,0,-1,1,1,1,-1,0,-1,-1,0,0,-1,1,-1,-1,0,0,0,0,1,2,1,1,1,1,1,0,0,0,0,0,0,0,1,1,0,0,1,2,-2,-1,-1,-1,0,0,0,0,0,0,1,2,-1,1,1,3,0,0,1,1,1,2,1,1,0,0,1,1,0,1,1,1,-2,-2,1,2,0,0,1,1,1,1,0,1,0,1,-1,-1,-2,-2,0,0,0,0,1,1,0,0,1,1,1,1,0,0,1,0,1,1,-1,-1,-2,-1,1,1,2,1,1,1,1,1,2,1,1,2,-3,0,-2,1,-2,-1,-1,-1,1,-1,-3,-1,0,0,-1,-2,0,0,1,1,-1,0,0,0,-2,-1,-2,-1,-1,1,1,1,1,1,-2,1,1,1,1,2,1,1,1,1,1,1,1,1,-1,0,1,1,-1,0,2,2,1,1,1,2,2,2,2,2,0,0,-1,1,0,0,0,0,-1,0,-1,-1,1,0,1,1,-1,0,1,1,1,1,1,1,0,1,1,1,1,0,1,1,0,2,9:04 AM
60624c1a743e95138f858c05,1,-1,-1,-1,1,1,-3,-1,1,1,-1,1,-3,-1,-2,1,-1,1,3,3,2,3,-2,-2,-3,-2,3,3,-1,2,-2,-2,2,3,2,3,-1,-1,0,0,3,3,-3,1,-2,-1,-1,-1,2,2,1,2,1,2,-2,-1,-3,-3,3,3,1,3,2,3,-3,-3,1,1,1,1,-1,-1,2,3,-3,-2,2,3,2,1,-1,-1,-2,-1,-2,1,0,-1,3,3,0,0,1,3,-3,-3,3,3,3,3,1,0,-1,-1,3,3,2,3,1,1,-2,-3,-1,2,1,2,1,2,-2,3,-1,1,1,1,1,3,-3,-3,0,0,2,1,-1,-1,2,2,2,2,1,1,1,1,1,1,1,1,1,1,1,1,1,1,1,1,1,1,1,1,1,1,1,1,-1,1,-2,-1,-1,1,-1,-1,1,1,1,1,1,1,1,1,0,0,1,0,1,1,1,1,1,1,1,1,1,1,0,0,1,2,1,1,1,2,2,2,2,2,1,1,1,1,1,1,2,2,2,1,2,2,2,1,2,2,3,2,1,1,2,1,-1,1,1,1,2,2,-1,2,1,0,1,1,1,1,1,1,1,0,0,0,1,1,1,1,1,-1,1,1,1,1,1,1,0,2,9:04 AM
5d24f0ece7a2be001a8f2726,-1,-3,-1,-2,-2,-3,-3,-3,-3,-3,-3,-3,-3,-3,0,0,-3,-3,2,2,-3,-3,-1,-1,-3,-3,1,1,-3,-3,-1,-2,-3,-1,0,0,0,0,-3,-3,-3,-3,-1,-1,-3,-3,-3,-3,-3,-3,-3,-3,-3,-3,-3,-3,-3,-3,1,1,1,1,-3,-3,-2,-2,-2,-2,-3,-3,-3,-3,-3,-3,-3,-3,-3,-3,-1,-2,1,0,-3,-3,-3,-3,-3,-3,2,2,1,2,-2,-2,-1,-1,1,1,-1,1,-3,-3,-2,-3,1,1,0,0,1,1,-1,-1,-3,-3,-1,-2,1,0,2,1,-1,1,1,0,-3,-3,-3,-3,0,0,-3,-3,0,0,1,0,1,1,2,1,2,0,1,-1,1,1,1,1,2,1,2,1,2,1,2,1,2,1,2,1,2,1,-3,-3,-3,-3,-3,-3,0,0,-3,-3,1,0,0,0,0,0,1,1,-3,-3,1,0,1,1,0,0,0,0,-1,-2,0,0,1,1,1,1,-3,-2,1,1,2,1,1,1,1,1,1,1,1,1,2,1,2,1,1,1,2,1,1,1,2,1,0,0,0,0,1,-3,0,0,0,0,1,1,1,1,1,0,1,0,1,0,1,1,1,0,1,1,1,1,1,0,1,0,-1,-1,0,2,9:04 AM
6594736e12155ed118b841b5,0,0,0,-1,0,0,-2,-2,0,0,-1,-1,-1,-2,0,0,-1,0,1,0,1,1,0,0,0,0,2,0,1,0,1,0,1,1,1,0,0,0,0,0,1,1,1,0,1,0,0,0,1,1,0,-2,0,1,-2,-2,0,0,1,1,1,0,-1,-1,0,0,0,-1,0,0,0,0,1,1,0,0,1,0,-1,0,0,0,-1,0,0,1,0,0,1,1,1,1,1,0,0,0,1,1,1,2,1,0,0,0,1,1,1,0,0,0,0,0,1,1,1,0,1,0,2,1,1,0,1,0,1,1,0,-2,0,0,0,0,0,0,0,1,1,0,0,0,0,1,0,1,0,1,0,0,0,1,0,1,0,1,0,1,0,0,1,1,0,0,0,0,0,0,-1,0,0,0,0,0,-1,-1,0,0,0,0,0,0,0,0,0,-1,0,-1,0,0,0,0,0,-1,0,0,0,0,1,1,0,0,1,1,1,1,0,0,1,2,0,0,0,0,0,0,0,0,0,1,0,0,0,0,0,0,1,1,0,0,0,-1,-1,0,0,0,0,0,0,0,0,0,0,-1,0,0,-1,0,0,0,0,0,0,0,0,-1,0,-1,0,0,0,2,9:06 AM
6405ebd9ab50bd5a571e2a5a,1,1,1,1,-2,-3,-3,1,-3,-1,-3,-2,-3,-3,-3,-3,-3,-3,-3,2,1,-1,-1,-1,-3,-3,2,-1,-2,1,2,-1,1,1,1,2,-1,1,1,-1,-3,-1,2,-2,1,-3,3,-1,-2,1,-2,1,-2,-2,-2,-1,-3,-3,2,1,1,1,-1,-2,-1,-3,-3,-3,-3,-3,-3,-3,2,1,1,-1,-3,-1,-2,-1,-2,2,-3,-3,-3,-3,-2,-1,-2,-1,1,2,2,1,2,-2,-3,-1,3,-1,3,2,-1,1,2,-1,1,1,-1,-1,-1,-2,-3,1,-1,-1,-1,2,2,1,3,1,2,-1,-3,1,-3,-3,2,-1,2,3,3,2,-1,1,2,2,2,1,2,3,2,3,2,2,3,3,1,1,2,1,3,2,1,2,3,1,3,1,3,2,-2,1,-1,-2,1,1,2,1,2,2,1,2,1,-1,1,1,2,1,1,-1,1,-1,2,1,1,2,1,1,-2,1,-1,2,2,-1,2,2,2,1,2,2,3,3,3,2,3,3,2,2,2,1,1,2,2,2,3,1,3,3,3,3,3,3,1,2,-3,-3,2,2,1,1,-1,-1,2,3,3,2,2,2,-3,-3,2,1,2,2,-2,-1,3,2,-1,-1,2,2,-1,-1,-1,-2,0,2,9:05 AM
66704499b0a160f0cd760c04,3,3,0,1,1,2,-3,-2,-1,0,-3,-2,-1,-1,-1,0,0,0,1,1,-1,1,0,-1,0,-1,1,2,1,0,1,2,1,2,2,2,-3,-1,0,-2,3,3,0,1,1,-1,1,0,3,3,1,1,1,1,-1,0,0,0,1,1,1,2,0,1,0,1,-2,0,-1,0,-2,-1,1,2,0,0,1,1,1,1,0,-2,-1,-1,2,3,-1,1,1,2,2,1,2,3,0,-2,0,2,3,3,1,0,2,3,1,1,-1,0,1,0,-1,0,1,1,-2,-1,0,1,2,2,1,0,1,1,1,2,-2,0,0,0,3,3,3,3,3,3,3,3,3,2,3,3,1,2,3,3,3,3,2,3,2,3,3,3,2,3,2,3,2,2,3,3,-1,0,1,3,0,-1,0,1,1,1,0,0,-1,-1,0,0,1,0,0,1,0,-1,1,0,1,0,1,1,1,0,1,0,2,2,3,3,3,3,3,3,2,2,3,3,3,3,3,3,1,0,3,3,2,3,2,3,3,3,2,3,2,3,2,3,1,1,0,1,0,0,1,1,1,1,1,1,1,1,0,1,0,2,-2,0,1,1,1,0,1,1,1,1,1,1,2,2,0,2,9:04 AM
5f8990ec5e6e5a04b25e40e9,1,1,1,1,1,1,-1,0,0,0,-1,-1,1,1,-1,0,0,1,1,1,0,0,0,1,0,1,1,2,1,0,1,1,0,1,1,1,1,1,1,1,-1,0,1,1,2,1,2,1,1,0,0,1,0,0,1,1,0,1,1,1,1,1,0,1,1,1,1,1,0,1,-1,1,0,1,-1,0,1,1,-1,-1,0,0,0,1,0,0,0,1,1,1,1,2,2,2,0,1,1,1,1,2,1,1,1,2,1,1,1,1,0,1,-1,0,1,1,0,1,0,1,-1,-1,1,1,1,1,1,1,0,1,0,0,1,1,2,2,1,1,1,1,1,1,1,1,1,1,1,1,1,1,1,1,1,1,2,1,2,1,1,1,1,1,1,1,0,1,1,1,0,0,0,0,1,1,0,-1,1,1,1,0,0,1,1,1,0,0,1,1,1,1,1,1,1,1,0,0,1,2,0,2,1,1,2,1,1,1,2,1,1,1,1,1,1,0,2,1,1,1,1,1,1,1,2,1,2,1,2,1,1,1,1,1,1,1,0,0,1,1,0,1,0,1,0,0,1,1,0,1,0,0,1,1,1,1,1,1,1,1,1,1,0,2,9:04 AM
66befbac1626bbe09ebae758,3,3,1,2,1,1,-3,-3,-2,-2,-2,-2,-3,-3,-2,-2,-2,-2,1,2,2,2,-1,-1,-2,-1,2,3,-3,-3,1,2,-1,-1,1,2,-3,-3,-3,-2,-3,-3,-1,-3,0,-3,0,1,1,2,-2,-2,-2,-2,-3,-3,-1,-1,2,1,-1,-1,-2,1,0,-3,-3,-2,-1,-1,-3,-3,-1,-1,-3,-3,1,2,-3,-3,-3,-3,-3,-3,-1,-1,-2,-2,1,2,1,2,1,2,-1,-1,1,2,3,3,0,-1,0,1,3,3,1,2,1,2,0,-3,1,1,-2,-2,1,1,-2,-3,-2,-2,-1,1,-3,-3,-2,-3,0,0,1,2,1,1,1,2,2,2,1,2,-1,-1,1,2,1,2,1,2,1,1,1,2,1,-1,1,2,3,3,1,1,3,3,-2,2,-2,-1,-2,-2,2,2,0,-1,0,-1,0,-1,0,-1,-1,-1,0,1,1,-1,-1,-1,-1,-1,-1,-1,1,2,0,-2,3,3,1,2,1,2,2,2,-1,-2,0,-1,0,1,1,1,1,1,2,2,1,2,1,1,1,2,1,2,2,3,2,3,-1,1,1,2,1,1,-1,-2,-1,-2,0,-1,-1,-2,0,-1,0,-1,-1,-1,0,-1,0,-1,0,-1,-1,-1,-1,-1,-1,-1,0,2,9:07 AM
5cdcfb9de3e7c20016a4082c,-3,0,-3,-3,-3,-3,-3,-3,-3,-3,-3,-3,-3,-3,-3,-3,-3,-3,-3,-3,-3,-3,-3,-3,-3,-3,-3,-3,-3,-3,-3,-3,-3,-3,-3,-3,-3,-3,-3,-3,-3,-3,-3,-3,-3,-3,-3,-3,-3,0,-3,-3,-3,-3,-3,-3,-3,-3,-3,-3,-3,-3,-3,-3,-3,-3,-3,-3,-3,-3,-3,-3,-3,-3,-3,-3,-3,-3,-3,-3,-3,-3,-3,-3,-3,-3,-3,-3,-3,-3,-3,-3,-3,-3,-3,-3,-3,-3,-3,-3,-3,-3,-3,-3,-3,-3,-3,-3,-3,-3,-3,-3,-3,-3,-3,-3,-3,-3,-3,-3,-3,-3,-3,-3,-3,-3,-3,-3,0,0,-3,1,-3,-3,-3,-1,-3,-3,-3,-3,-3,-3,-3,-3,-3,-3,-3,-1,-3,-3,-3,-3,-3,-3,-3,2,-3,-3,-3,-1,-3,-3,-3,1,-3,0,-3,-3,-3,-1,-3,-3,-3,-3,-3,-3,-3,-3,-3,-3,-3,-3,-3,-3,-3,-3,-3,-3,-3,-3,-3,-3,-3,-3,-3,-3,-3,-3,-3,-3,-3,-3,-3,-3,-3,-3,-3,-3,-3,-3,-3,-3,-3,-3,-3,-3,-3,-3,0,1,-3,-3,1,1,-3,1,-3,-3,-3,-3,-3,0,-3,-3,-3,-3,-3,-3,-3,-3,-3,-3,-3,-3,-3,-3,-3,-3,-3,-3,-3,-3,-3,-3,-3,-3,-3,-3,0,2,9:07 AM
5e760a9c865a94167c2f14ca,0,-1,0,-2,0,-3,-3,-3,-2,-2,-3,-3,-3,-3,-3,-1,-3,-3,2,2,1,1,1,1,0,0,2,2,2,2,2,2,-3,-2,-3,-3,0,0,0,-3,-3,3,3,3,1,1,2,2,2,2,-3,-3,-3,-3,-3,-3,1,1,3,3,-1,-1,1,1,-2,1,-3,-3,-3,-3,-3,-3,2,2,0,0,-2,-1,-3,-2,0,-3,-3,-3,-2,-2,-3,-3,-3,-3,0,-3,2,2,-1,-2,-1,1,-2,-1,1,1,1,1,-1,1,-3,-3,1,1,0,-1,-3,-2,1,1,1,2,-3,2,1,1,2,1,-3,-3,-3,-3,0,0,2,2,2,2,0,0,2,2,0,-3,0,0,0,0,0,0,0,-3,0,0,0,0,0,0,0,-3,1,1,0,0,1,1,1,1,1,1,-1,-1,-1,-1,0,-3,0,0,0,-3,1,1,0,0,0,0,0,0,0,0,0,-3,1,1,0,1,1,1,1,1,-3,1,0,-3,0,-2,0,0,1,1,0,0,0,0,1,1,1,1,0,0,0,-3,2,2,2,2,-1,-1,0,-3,-3,-3,0,-1,0,0,0,-3,0,0,1,1,0,-3,0,0,0,-3,0,-2,0,0,0,0,0,-3,0,1,0,0,0,1,0,2,9:05 AM
6541df28d57cd91519f2c843,-2,-1,1,1,-3,-2,-3,-3,-2,-2,-3,-3,-3,-2,-1,1,-2,-3,2,1,2,-1,-1,-1,0,1,2,-1,1,1,1,1,2,-1,1,-1,1,1,-3,-3,1,-1,1,1,-2,-1,1,-1,2,1,2,1,-2,-1,1,1,0,1,2,2,-1,-1,1,1,0,1,-2,-2,-2,-1,-2,-1,2,1,0,1,3,1,1,-2,1,1,-1,-1,-2,-1,-1,-1,2,1,2,-1,2,1,-1,1,2,1,3,1,1,1,1,2,2,-1,1,-1,1,1,-3,-3,2,-1,1,-1,1,1,2,1,2,1,1,1,1,1,-3,-3,0,0,2,2,2,2,2,1,1,1,1,1,1,1,2,2,2,2,2,1,2,2,2,1,2,2,2,2,1,1,2,2,1,1,-3,-3,-3,-2,-3,-2,-3,-1,-2,-2,1,1,-1,-1,-3,-2,1,1,-2,-2,1,1,-1,-2,-2,-2,0,-1,-1,-1,-1,-1,1,2,2,2,2,2,1,1,2,2,2,2,2,2,2,2,2,2,2,2,2,2,2,2,2,2,3,2,2,2,2,2,-2,-1,-2,-3,-3,-2,-2,-2,1,1,1,1,-1,-1,1,1,1,1,1,1,1,1,1,1,1,1,1,1,1,1,1,1,0,2,9:06 AM
663f3c1d39ecd4d635e13aaf,-3,0,-1,0,0,1,-3,-3,-2,-2,-2,-1,-1,-1,-1,-1,-2,0,2,2,1,1,-2,0,-3,-3,2,2,-1,0,-1,1,1,1,1,1,0,1,-3,-3,3,2,1,0,-1,-1,1,-1,3,3,-3,1,-2,0,-1,1,-3,-2,2,2,1,1,0,1,-3,-1,0,0,-2,-2,-2,-1,0,0,-1,0,1,0,1,0,1,0,-3,-2,2,2,0,0,2,2,1,1,2,1,0,1,1,2,2,2,1,1,0,1,2,0,1,1,1,0,-3,-3,1,2,-2,-1,1,1,3,1,2,1,-2,1,1,2,-3,-3,0,0,-1,1,-1,1,-1,0,1,0,0,-1,-2,-1,1,1,0,0,0,-1,-1,-1,2,-1,0,0,0,0,0,0,-1,0,1,1,-1,0,0,0,-2,-2,-1,-1,0,0,-2,0,-1,0,1,0,-1,-1,-1,-2,-1,0,1,0,2,0,-1,-1,2,-1,1,0,1,1,1,0,-1,0,1,1,0,0,1,0,1,0,0,1,1,0,0,0,1,0,-1,0,1,1,1,1,-1,-1,2,2,-2,-1,-1,0,0,0,-1,0,0,-1,0,0,1,0,-1,0,1,0,-1,0,-1,0,-1,0,-1,0,0,-1,1,0,-2,0,0,2,9:07 AM
66aacfd109d5190393a19009,0,0,1,1,1,1,-1,-1,1,1,-3,-1,-2,1,1,-1,-1,1,1,2,1,1,1,1,-2,1,1,3,1,-1,1,1,1,3,1,1,-1,1,1,1,1,1,1,2,-3,-1,1,-1,1,3,-1,2,1,-1,1,1,-1,-1,1,3,1,1,1,1,-1,1,-1,1,-1,1,1,1,1,3,-1,2,1,1,1,3,-1,1,-1,1,1,2,-1,1,1,3,1,3,1,2,0,0,1,2,1,1,1,1,1,2,1,3,1,1,1,-1,-1,1,1,3,-2,1,1,1,1,3,1,1,1,1,1,1,-1,1,0,0,-1,1,-1,1,-1,1,1,1,1,1,1,1,1,1,1,1,1,1,3,1,2,2,1,2,1,1,1,2,1,1,2,1,-2,1,1,-1,1,1,-1,1,-2,1,-1,1,1,2,-1,1,1,1,-3,2,1,1,2,1,1,1,1,1,2,1,1,1,-2,2,-1,2,-1,2,1,1,-1,2,0,0,-1,1,-1,1,1,2,2,2,2,2,1,1,1,-1,1,1,1,2,1,-1,-2,1,-1,1,-1,1,1,1,-1,1,-2,2,1,1,1,1,2,1,1,1,1,1,1,1,1,1,1,1,1,1,1,1,0,2,9:07 AM
6170db5aa1eb4cd59d4bdb72,2,2,1,1,-1,1,-3,-3,-3,-3,-3,-3,-3,-3,-3,-3,-3,-3,3,3,2,1,-2,-3,-3,-3,3,3,-1,-2,-2,-2,2,3,3,3,-1,0,-1,-2,-2,-3,1,-1,-3,-3,-1,1,2,3,-1,-2,-3,-3,-3,-3,-3,-3,3,3,2,2,1,1,0,1,-2,-3,-1,0,-3,-3,2,2,1,0,1,2,-2,-1,-2,-3,-3,-3,-1,1,-2,-3,2,1,2,3,2,2,-1,-2,3,3,-2,1,1,1,-1,-2,3,3,2,3,1,2,-1,-2,3,3,-3,-2,-1,1,-3,-3,-1,-2,0,-1,-1,-1,-3,-3,1,0,1,-1,1,2,2,2,1,1,1,2,0,-1,2,1,1,0,1,-2,1,1,1,1,1,-2,0,-2,1,1,2,-2,1,2,-2,1,-3,-2,-2,1,-2,1,1,-1,1,-1,0,-3,1,-2,1,-1,1,-1,1,0,1,-1,1,1,1,0,1,1,1,1,-2,2,1,2,1,1,2,2,1,-2,1,-1,1,2,1,-1,1,2,1,2,1,2,1,1,1,1,1,0,1,0,1,1,-2,1,-1,2,-2,2,1,1,1,1,1,-1,1,2,1,-2,1,1,-1,0,0,-3,1,-1,1,0,1,1,1,-1,1,-1,0,2,9:04 AM
602fe67919eaccd752eea5a5,1,0,0,0,1,0,-3,-3,0,-1,-2,0,0,-1,-1,1,-1,0,-1,0,1,1,0,0,0,0,2,-1,-1,0,0,-1,1,0,1,0,0,-1,0,0,0,-2,1,0,1,-2,-1,0,1,-1,2,-2,1,-1,1,-1,-1,-2,2,-1,-1,-2,1,-1,0,0,0,0,-1,-3,0,-1,1,1,0,-3,1,-1,-1,0,-1,-2,-2,0,1,-1,-1,0,-1,-2,1,-1,-1,1,0,-1,0,1,1,0,0,0,-1,-2,1,0,-1,-2,0,0,1,0,0,-1,1,0,0,1,2,-2,0,-1,1,0,0,0,0,1,0,-1,0,-1,-1,-1,0,-1,0,-1,1,0,0,0,1,0,-1,0,0,-3,0,0,0,1,1,-1,0,1,0,0,1,-1,0,-1,-1,0,-1,-2,-1,0,0,-1,0,0,-1,0,0,0,0,-3,0,0,-1,0,0,0,0,0,0,-1,0,-3,0,-1,0,0,-1,0,0,-1,-1,0,-1,0,0,0,1,0,0,0,-1,-1,0,0,-1,0,1,0,0,-2,0,-1,-1,0,-1,-1,1,-1,1,-1,1,0,0,0,1,-2,0,0,0,-1,0,-1,0,1,0,-2,0,0,1,0,1,-1,-1,-3,0,0,0,0,1,0,0,2,9:05 AM
5f8473a0bd72b20c607dbf13,1,1,-1,1,-2,-1,-3,-3,-2,-1,-3,-2,0,-2,-1,0,-3,-1,1,2,-2,1,0,-1,0,-1,-3,1,-1,0,-2,2,-2,-3,0,1,1,1,0,0,-2,2,0,1,-3,-2,2,1,1,1,-3,-3,-3,-2,-1,2,-1,1,1,3,-1,1,-1,1,0,0,-2,-1,-2,-2,-2,-2,-3,-1,-1,1,-2,1,-3,-3,-2,-1,-3,-3,-3,-3,-2,0,-3,-1,-3,-1,2,2,-1,1,-3,1,-3,2,-2,-3,-1,2,-2,2,-1,-1,1,2,-2,-1,-2,1,-1,1,-1,1,-2,-2,1,2,1,2,-3,-2,-2,-3,0,0,2,2,0,-1,0,-1,1,-1,2,2,1,-1,-1,1,1,2,0,1,2,1,-1,1,1,1,3,2,2,3,2,0,2,1,-2,1,0,1,-2,1,-2,1,1,-1,-2,1,1,1,-3,-2,2,1,1,-1,2,1,2,1,1,2,-1,1,1,1,1,2,2,1,1,3,2,3,2,1,2,1,1,-1,1,-1,2,1,1,1,2,1,2,1,-2,-2,2,3,3,3,1,1,2,-2,-1,-1,-1,-1,-1,1,0,1,1,0,1,1,1,1,-1,-1,1,-1,2,1,1,0,1,0,1,0,1,1,-1,1,2,1,0,2,9:05 AM
5aa71a2b6219a30001c763ec,1,2,1,1,-3,-3,-3,-3,-3,-3,-3,-3,-3,-3,-3,-3,-1,-1,-3,-3,-2,2,0,0,-3,-3,-2,2,-1,-1,-3,-3,-3,0,0,1,-3,-3,0,0,0,2,-2,-2,0,0,-3,-3,-3,-3,-2,1,0,1,1,1,0,0,0,2,0,2,-3,-3,-3,-3,-3,-3,-3,-3,-3,-3,-3,-3,0,0,1,2,2,2,0,1,-2,-2,0,0,-3,-3,0,2,0,2,1,2,-3,-3,-3,-3,0,3,0,0,0,1,1,1,-3,-3,-1,-1,-3,-3,-3,-3,-1,-1,-3,-3,0,2,0,1,0,2,-3,-3,0,1,0,0,0,1,0,3,0,2,0,2,-3,-3,-3,-3,0,0,0,0,0,2,0,2,-1,1,0,0,0,2,2,2,1,3,1,3,-3,-3,-3,-3,-3,-3,-2,-2,-3,-3,-3,-3,-3,-3,-3,-3,-3,-3,-3,-3,-3,-3,-2,-2,0,0,0,1,-1,-1,1,1,0,2,1,2,1,2,3,3,-1,2,1,2,1,2,0,0,0,3,0,0,-1,2,0,2,-2,2,0,2,0,2,0,0,0,1,0,1,-3,-1,-2,-2,-3,-3,-3,-3,-3,-3,-1,-1,0,1,-2,-2,-3,-3,-3,-3,-3,-3,-2,-2,0,1,0,0,0,2,9:09 AM
5c4e52e566c1530001c0f7bc,-2,-2,-2,-3,-1,-2,-3,-3,-3,-3,-3,-3,-3,-3,-3,-3,-3,0,-1,0,-1,1,-3,-3,-3,-3,2,1,-1,-1,2,1,-3,-3,1,1,-1,0,-3,-3,-2,-2,2,0,-1,1,-2,-2,2,2,-2,-1,-1,-1,-3,-3,-3,-3,-1,-2,-2,-2,-3,-3,-3,-3,-3,1,-3,-3,-3,-3,-2,-2,-3,-2,-2,-1,-3,-3,-1,0,-3,-3,-3,-3,-3,-2,-2,-2,-3,-2,1,1,-3,-3,0,-1,-3,-3,-2,0,-2,-1,2,1,-2,-2,-2,-3,-3,-3,-3,-3,-1,-2,-1,1,-3,-2,-1,1,-1,1,-3,-2,-3,-3,0,0,-2,-2,-3,-3,1,1,2,2,-1,0,-3,-3,1,1,1,-1,-3,-3,-3,-3,-3,-3,-1,-2,1,1,1,1,-2,-2,-3,-3,-3,-3,-3,-3,-3,-3,-2,-3,-3,-3,-3,-3,-3,-3,-1,-1,-2,-2,-3,-3,-3,-3,-3,-3,-1,-2,-2,-1,-3,-3,-2,-2,-3,-3,0,0,-3,-3,1,0,-2,-1,-3,-3,-2,-3,-1,1,-1,-2,-3,-3,1,1,-1,-1,1,1,1,1,-1,-1,1,1,-2,-3,-2,-3,-3,-3,-2,-3,-2,-2,-2,-2,-2,-2,-3,-3,-3,-3,-3,-3,-3,-3,-2,-2,-1,-1,-1,-1,-3,-3,-2,-3,0,2,9:05 AM
58542426733c730001a5d1f4,-1,1,-2,0,-3,-1,-3,1,-2,-2,-3,1,-3,-3,-3,-2,-2,1,1,2,0,2,-2,0,-1,1,2,2,-3,1,0,1,-1,-1,-1,1,-1,2,-1,1,-3,-2,0,2,1,0,-3,-2,1,2,-3,-1,-3,-3,-3,0,-3,-1,0,3,-2,1,-1,2,-1,1,-3,-2,-2,-3,-3,-2,0,2,-2,0,1,-1,-3,-1,-3,-1,-3,-3,-3,-2,-2,0,-2,0,-1,2,1,2,-1,1,0,2,-2,-1,0,2,0,3,1,1,0,2,1,1,-2,0,0,1,1,3,0,1,-2,-2,-1,3,-1,2,-2,1,-3,2,0,0,-1,0,-2,1,-1,0,-1,1,-3,1,-1,1,-1,1,-1,-1,-1,2,-1,2,-1,1,0,1,-1,1,1,1,0,2,-3,1,-2,1,-2,0,-2,-2,-2,0,-3,-1,-2,1,-1,1,-1,1,-1,1,-1,1,0,1,-2,1,-1,-1,1,1,1,2,1,1,-3,1,-2,-1,-1,0,-1,1,-3,1,0,2,-3,1,-1,1,-1,1,-1,1,-1,1,-1,1,-1,1,0,2,0,1,-1,2,-3,0,-3,-1,-3,-1,-2,-1,-1,1,-1,1,-1,1,-1,1,-2,1,0,1,-1,1,0,2,-2,-1,-2,1,0,1,1,2,0,2,9:10 AM
5fad8a604de8f00e3bc3d5c1,1,1,0,0,1,0,3,-3,-1,-1,-1,0,-1,0,-1,1,-2,-1,3,2,0,3,0,0,0,0,-1,1,-2,-2,1,0,-2,1,1,1,0,-1,0,0,-1,-1,0,0,2,-3,0,0,1,0,-3,-3,-1,0,-1,0,-1,-2,2,2,1,1,0,0,0,0,0,-1,0,0,0,-1,-1,1,-2,0,-2,0,-1,-2,-1,-1,-1,0,0,1,0,0,1,1,2,2,1,0,0,0,-1,0,2,3,0,0,0,1,2,1,0,1,0,0,2,-3,0,1,-2,-1,0,0,-3,-3,-1,-3,-2,0,0,1,0,-3,0,0,0,0,0,1,-1,1,0,1,1,1,0,0,0,0,1,1,1,1,0,0,0,0,1,2,1,1,1,1,2,2,1,1,-2,-1,-3,-2,0,0,-2,-1,0,0,0,0,0,0,0,0,-1,0,2,-2,0,0,1,1,0,0,0,0,0,0,0,1,0,0,0,-2,0,1,0,0,1,1,0,1,1,1,1,1,0,1,1,1,1,1,0,1,1,-1,1,2,2,1,2,0,0,-1,0,0,0,0,0,-1,0,0,0,0,0,-1,0,0,0,0,0,0,0,0,0,0,0,0,0,0,0,0,0,0,0,2,9:07 AM
6519a4ed0c8c46ab0dcfef3c,-1,-1,1,-1,-1,-2,-2,-3,-2,-3,-3,-1,-3,-3,0,-1,-2,-2,2,1,0,0,-3,-3,-2,-2,3,1,-2,-3,1,1,1,-1,1,0,-3,-2,-3,-3,0,-1,0,-2,-3,-3,-1,-1,0,1,1,-1,2,0,-3,-3,-3,-3,1,0,1,0,-2,-2,-3,-3,-1,-2,-1,-2,-2,-3,0,1,-3,-3,0,1,1,-1,-3,-3,-1,-1,0,-1,0,-1,0,-1,2,1,2,1,-3,-2,2,1,2,1,-1,-1,-1,1,2,2,-1,0,-1,-2,-3,-3,1,-1,-2,-2,1,1,2,2,-2,-2,-1,-2,0,0,-3,-2,-3,-3,1,0,-1,0,1,1,1,1,-3,-2,-1,-2,-3,-3,-3,-2,1,2,2,3,2,2,1,1,3,3,2,1,2,3,3,3,-1,-1,-1,-1,-2,-2,-2,-2,-2,-3,-2,-3,-2,-3,-2,-3,1,-1,1,0,-2,-1,-2,-2,-1,0,-1,-1,-2,-2,1,1,-2,-2,0,0,-2,-2,0,1,1,-1,-2,-3,-3,-2,0,-1,1,2,1,1,1,2,2,2,2,2,2,3,2,1,2,3,-2,-1,-3,-2,-2,-1,-2,-3,-2,-3,-3,-3,-3,-3,-3,-3,-3,-3,-2,-1,-2,-2,1,1,1,1,1,1,1,1,0,-1,0,2,9:04 AM
60da1362fe5b7aee2580c5a7,0,1,-1,-2,0,1,-3,-3,-3,-3,-2,-1,-3,-3,-2,-2,-3,-3,2,1,1,1,-3,-3,-3,-3,1,1,-2,-3,0,0,1,1,1,1,0,0,-3,-3,-3,-3,-3,-3,-3,-2,0,-1,0,1,-3,-3,-3,-3,-3,-3,-3,-3,2,3,-1,-1,-1,0,-2,-3,-2,-1,-3,-3,-2,-3,-2,-1,-2,-2,1,1,-3,-3,-3,-2,-2,-3,-3,-3,-2,-1,0,0,-2,-2,2,2,-3,-3,3,2,-2,-1,0,0,-2,-2,3,1,-1,0,1,0,-3,-3,1,1,-3,-3,-1,-1,-1,-3,-3,-3,0,1,-1,-1,-3,-3,0,0,1,1,1,1,1,1,1,0,2,1,1,0,1,1,0,1,-1,-1,1,1,-1,0,2,1,2,2,2,1,1,1,3,2,0,0,-2,-2,-1,-1,0,0,0,0,-2,-2,0,0,-2,-3,1,0,0,0,-2,-2,-2,-2,1,1,2,1,1,1,1,0,0,2,1,3,1,1,1,1,1,1,1,0,-2,-1,2,1,2,1,2,1,1,1,-1,0,1,1,2,2,2,1,1,2,-2,-1,1,0,0,2,-1,-2,-1,-2,-1,-1,0,0,0,0,0,0,-1,-1,0,0,-2,1,1,1,1,0,0,1,1,0,0,2,9:06 AM
5fe602f729db954217db9aef,-2,2,-2,1,1,1,-3,-3,-3,1,-3,1,-3,1,1,-2,-3,-3,2,2,1,2,-1,-1,-3,-3,2,2,1,1,2,1,1,2,1,2,-2,2,-3,-3,3,3,1,2,1,1,2,-2,0,0,3,3,3,3,1,1,-3,-3,3,3,1,2,-3,1,0,1,1,-1,-2,1,-3,-3,2,2,1,1,-1,2,1,1,-2,1,-3,-3,-3,-3,-2,2,1,2,2,2,3,3,-3,-3,1,2,-2,2,-1,1,-3,-3,1,1,1,1,1,1,-3,-3,-2,-2,-3,2,0,1,-2,-1,-3,2,1,2,3,2,-3,-3,0,0,-3,-3,-3,-3,-3,-3,-3,-3,-3,-3,-3,-3,-3,-3,-3,-3,-3,-3,-3,-3,-3,-3,-3,-3,-3,-3,-3,-3,-3,-3,-3,-3,-3,-2,-3,-3,-3,-3,1,1,-3,-3,-3,-3,-3,-3,-3,-3,-3,-3,-3,-3,-3,-3,-3,-3,-3,-3,-3,-3,-3,-3,-3,-3,-3,-3,-3,-3,-3,-3,-3,-3,-3,-3,-3,-3,-3,-3,-3,-3,-3,-3,-3,-3,-3,-3,-3,-3,-3,-3,-3,-3,-3,-3,-3,-3,-1,1,-3,-3,-3,-3,-2,-2,-3,-3,-3,-3,-3,-3,-3,-3,-3,-3,-3,-3,-3,-3,-3,-3,-3,-3,-3,-3,-3,-3,-3,-3,0,2,9:11 AM
5f35782429beab53ef93cc2d,-1,-1,-1,0,-1,-1,-1,0,-2,-2,-1,-1,-2,-2,-2,-1,-1,-2,-1,-2,-2,-1,-1,-1,-2,-2,1,1,-1,-1,-1,1,-3,-3,-1,-1,1,1,-1,-1,-3,-3,-2,-2,-2,-2,-1,-1,-1,-1,1,1,-2,-2,-1,-1,1,1,1,1,-1,-1,-1,-1,-1,-1,-1,-1,-3,-3,-2,-2,-1,1,0,1,-2,-2,-2,-1,1,1,-2,-2,-2,-2,-2,-1,1,1,-1,-1,-2,-2,-1,-1,-1,-1,-2,-2,-2,-2,-1,1,-2,-1,-1,-1,-1,-1,-1,-1,1,1,-2,-2,-1,-1,-2,-2,0,-1,1,1,-3,-2,-3,-3,-1,0,1,1,-1,-1,1,2,-2,-1,1,1,1,1,-1,0,1,1,-1,-1,2,2,1,1,1,1,2,2,1,2,2,2,1,2,0,0,-1,-1,1,1,-1,-1,1,1,0,0,-1,-1,1,2,1,1,1,2,1,1,-1,-1,1,1,-1,-1,0,1,-2,-2,1,1,1,2,1,1,1,1,1,1,1,1,1,2,-1,-1,1,1,1,1,1,1,1,2,3,1,-1,-1,1,1,0,1,-1,-1,-1,-1,-1,-1,1,1,1,1,1,1,1,1,1,1,-2,-1,1,1,1,1,1,1,1,1,2,2,1,2,1,1,0,2,9:05 AM
6172c19ff79e4bec69b80c10,1,2,-1,0,-3,-3,-3,-3,-3,-3,-3,-3,-3,-3,-3,-2,-3,-1,2,3,2,2,-3,-3,-3,-3,3,3,2,-3,1,2,1,2,1,0,-3,-3,-3,-3,-3,2,1,0,-2,-2,-3,-2,2,3,-2,-1,-2,0,0,1,-3,-3,3,3,0,2,-3,0,-3,-3,-3,1,-3,-2,-3,-3,-1,1,-3,-3,2,2,-3,1,-1,0,-3,-3,-2,1,-2,0,1,2,1,2,2,3,-3,-3,1,2,2,1,-1,-2,-3,-2,3,2,0,0,-1,-3,-3,-3,1,2,-3,-1,0,0,3,3,2,1,1,3,1,2,-3,-2,0,0,1,0,1,2,1,2,-1,1,-1,1,0,2,0,1,-1,1,2,2,1,0,1,-2,0,2,1,2,0,0,-1,-1,1,2,-3,-3,-1,-3,-3,-3,-3,-3,-2,-1,-3,-3,-3,-3,-1,-3,-3,-3,-3,-3,-3,-3,3,-3,-3,-2,-3,-3,-3,-2,-3,-3,1,1,1,1,-1,1,3,3,-2,0,-1,1,0,2,0,2,1,0,3,3,1,0,0,1,0,1,1,3,-1,-2,2,3,-3,-3,-3,-2,-3,-3,-3,-3,-1,-2,-3,-2,-3,-3,-3,-2,-2,-2,-2,-1,-1,-2,-1,-2,-3,-2,-1,0,-3,-3,-3,-3,0,2,9:07 AM
5e688b541b3dbf12adf3d94e,0,0,0,0,-2,-3,-2,-3,-2,-1,-2,0,0,0,0,0,-1,0,2,3,1,2,-2,-1,-2,0,2,3,0,0,1,0,1,2,2,1,1,0,0,0,0,-2,0,0,0,0,2,0,3,3,-2,-1,0,-1,0,0,0,0,2,3,2,1,1,0,0,0,-1,-2,-2,-1,0,0,0,0,-2,-1,1,3,-1,-1,0,0,-2,-1,2,2,0,0,1,2,2,2,2,3,1,2,3,2,2,1,0,0,3,3,2,3,2,1,1,0,-2,-3,1,0,-1,0,1,0,2,1,1,2,0,0,-1,0,-3,-2,0,0,1,2,0,0,2,2,1,0,0,0,0,0,-1,0,0,0,0,-1,-1,1,2,1,1,2,1,0,0,0,2,1,3,3,-1,0,0,0,0,0,-2,-1,-1,-2,0,0,0,0,0,0,0,-2,-2,-1,-2,-1,0,0,0,0,0,0,-1,0,-2,-1,0,2,1,2,2,1,0,0,-1,-1,0,0,-2,0,-1,0,0,0,0,0,0,0,2,1,0,0,1,2,0,0,0,0,0,0,0,2,-1,0,1,2,-1,0,0,-1,-3,-2,0,0,0,0,-1,0,0,0,0,0,-1,0,0,0,-1,0,1,0,0,2,9:05 AM
668c1898be011bd7a11e19c9,3,3,1,1,1,1,-3,-3,-3,-3,-3,-3,-2,-2,1,1,-2,-2,3,3,3,3,-3,-3,-3,-3,2,2,-3,-3,-3,-3,-3,-3,-1,-1,-3,-3,-3,-3,2,2,-3,-3,-3,-3,2,2,2,3,2,2,1,1,-3,-3,-3,-3,3,3,1,1,-3,-3,-3,-3,0,-2,-3,-3,-2,-3,1,1,-3,-3,2,2,2,2,-3,-3,0,0,2,1,-1,-2,3,3,3,3,0,0,-3,-3,2,2,3,3,-2,-2,-3,-2,3,3,3,3,2,2,-3,-3,3,2,-3,-3,-2,-2,3,2,-3,-3,0,0,-1,-1,-3,-3,0,0,1,2,1,2,1,1,0,0,2,2,1,1,1,1,1,1,2,2,1,1,2,2,1,1,2,2,0,0,2,2,2,2,-3,-3,-3,-3,-2,-3,-2,-3,0,0,-3,-3,0,0,-3,-3,-3,-3,-2,-2,-1,-1,-2,-2,-3,-3,-2,-2,0,0,-2,-2,1,2,1,1,1,1,1,1,2,2,1,1,-1,-1,-1,-1,1,1,2,3,3,3,2,2,2,2,2,2,2,2,2,2,-1,-1,0,0,-2,-2,-3,-3,-3,-3,-1,-1,-3,-3,-2,-2,-2,-2,-3,-3,-3,-3,-1,-1,-2,-2,-2,-2,1,1,-1,-1,0,2,9:04 AM
6525ddadbfe97bcf53567466,2,1,0,1,-1,-3,-3,-1,-1,0,-3,-3,1,1,-2,-1,-1,0,-3,2,3,3,-3,-2,-1,0,3,3,0,-2,-2,1,-2,3,2,3,0,0,-3,-1,3,3,-1,-2,-3,-1,2,0,1,3,1,2,-2,1,0,3,-2,1,2,3,-3,-1,0,2,-3,-3,-2,0,0,1,-3,-3,3,2,-2,0,3,3,-2,3,-3,-1,-2,0,2,0,-2,-3,-1,2,2,2,1,2,0,-2,0,2,2,2,-1,1,-1,1,-2,2,1,2,0,0,0,-2,-2,3,-2,-2,-1,-3,3,1,-1,-1,1,2,3,0,-3,-3,0,0,-1,2,-1,2,-1,-1,-2,-1,0,1,-3,-1,0,-2,0,-2,-2,-1,-1,1,2,0,0,2,-1,0,2,0,2,1,-1,1,0,1,-2,-2,-2,-3,0,0,0,1,-2,-3,-2,-3,0,-1,1,3,-2,-3,1,2,0,1,0,2,0,-1,-1,-3,0,1,-1,0,-1,0,-1,0,0,-1,1,2,-1,-2,-2,-2,1,2,0,0,-2,-2,-1,1,0,-2,-1,0,0,3,-1,0,1,-1,0,1,-3,-1,0,-1,0,-1,-1,-1,0,1,0,1,0,1,-2,-1,-1,-2,-1,1,0,1,0,0,-1,0,-2,1,0,2,0,2,9:07 AM
607d3fb81fd7a5c65619ed88,1,2,1,1,-2,-2,-2,-1,-3,-3,-3,-2,-3,-2,-2,-1,-3,-3,-3,1,1,1,-3,-3,-3,-3,-1,1,-2,-1,-2,-1,-3,-2,1,2,-1,-1,-1,-1,-2,-1,-3,-3,-3,-3,-2,-2,2,2,-3,-3,-3,-3,-3,-2,-2,-2,-2,1,-1,1,-2,-2,-2,-2,-2,-1,-3,-2,-2,-2,-3,-3,-2,-2,1,2,-2,-1,-2,-1,-2,-1,-2,-1,-2,-1,-3,-1,0,1,1,2,-3,-3,-3,-2,-1,1,-1,1,-1,-1,-1,2,-2,-1,-1,1,-3,-3,-3,-3,-3,-3,-2,1,1,-1,-3,-3,-1,2,-2,-2,-2,-1,0,0,3,3,3,3,2,2,2,2,3,3,3,3,2,2,1,2,2,2,2,2,1,1,2,2,2,2,2,2,1,1,3,3,-1,1,-1,0,-2,-2,-1,0,1,1,-1,-1,1,-1,1,1,-1,-1,-1,-1,1,1,-2,-2,-1,-1,-3,-1,-1,-1,-1,-1,2,2,2,2,3,3,2,3,-1,1,2,2,3,3,2,2,3,3,3,2,-1,0,2,2,3,3,3,3,2,2,2,2,-1,-1,-2,1,1,1,0,1,1,1,1,1,2,2,2,1,1,2,-2,0,1,1,1,1,1,1,1,1,2,1,1,1,0,2,9:04 AM
55c93e99fdf99b5a5a5a9c89,1,2,2,2,-2,1,-3,-1,-1,1,-2,-1,-3,-1,-2,-1,1,1,2,2,1,1,-1,1,-1,-3,3,2,-1,1,2,2,2,2,2,2,1,1,-3,-3,2,3,-2,-3,-3,-3,-2,-3,3,3,1,1,1,2,-1,-2,-1,-1,3,3,2,2,1,1,-1,-2,-1,1,-2,1,-1,1,2,2,-1,1,2,3,2,1,-1,2,1,1,1,1,1,2,2,2,1,3,3,3,1,2,2,2,3,2,1,1,2,2,2,2,1,2,2,1,-3,-3,2,2,-1,1,1,1,2,2,1,1,1,2,1,2,-3,1,0,0,3,2,3,3,3,3,2,1,-1,-2,2,2,1,1,1,1,2,2,1,1,-1,-1,3,3,2,2,2,2,3,2,2,3,-2,1,-1,-1,-1,-3,-1,1,-3,-3,-2,-2,-1,-2,-2,-3,2,1,1,1,-1,1,-2,-3,-1,1,1,1,-2,-3,-1,-1,3,2,3,3,1,1,3,3,-1,1,1,2,1,2,2,3,2,3,2,2,1,-1,1,-1,1,1,2,2,3,2,1,1,1,1,-1,1,-1,1,1,1,0,1,-2,-1,-2,-1,-1,1,1,1,-1,1,-1,-2,1,1,1,1,1,1,1,2,1,1,0,2,9:06 AM
663b6d84a0d3ecfe9217c822,1,2,1,2,-1,1,-3,-2,-1,-2,-3,-3,-1,0,-1,1,-1,-1,2,2,1,2,0,0,-1,-2,2,2,0,-3,-1,-1,1,1,2,1,-1,-1,-2,-2,1,3,-2,1,-3,-3,-2,-3,2,3,1,1,1,1,-1,1,-1,1,3,2,-1,2,-1,1,1,0,0,1,0,0,-1,2,2,2,-2,-2,1,3,2,3,-1,0,-2,-3,1,1,-1,-2,1,2,1,3,2,2,1,-2,2,3,1,2,0,-1,-1,1,1,0,-2,-1,-2,-3,-2,-3,1,2,-2,-1,-1,-2,2,2,-2,-1,1,1,1,3,0,1,0,0,-1,1,1,2,1,1,1,1,2,2,1,2,1,2,1,2,-1,1,2,1,2,2,2,2,2,1,1,1,1,2,2,1,-3,-2,0,0,-3,-2,-2,-2,-1,-1,-2,-1,-1,0,-1,1,-2,-1,-2,-1,-2,-3,-1,-2,-2,-2,-2,-2,0,1,-2,-1,-2,-2,1,1,-1,-1,1,1,2,3,1,3,2,1,-1,1,2,1,2,2,1,1,1,2,2,2,2,1,1,0,2,2,-2,-1,-1,-1,-2,-2,-1,-2,-2,-1,0,0,-2,-1,-1,-2,-1,0,-1,-1,-2,-1,0,0,-2,-1,1,1,-2,1,0,0,0,2,9:05 AM
655234dac4a9403e88e89e6b,-2,-2,-2,-2,1,1,-3,-3,-2,-2,-3,-3,-3,-3,-2,-1,-3,-2,1,1,2,2,-3,-2,-2,-2,1,0,0,0,1,1,-1,0,0,-1,-2,-2,-2,-1,1,0,-1,0,1,0,1,1,-1,-1,1,0,-3,-3,-2,-2,-3,-3,1,1,1,0,-2,-2,0,0,-3,-3,-2,-2,-3,-3,-2,-2,-2,-1,1,1,-2,-1,-2,-1,-3,-3,-3,-3,-3,-3,1,1,1,0,-2,-2,-2,-2,-1,0,0,0,-2,-3,-2,-2,1,1,1,1,-2,-1,-2,-1,2,1,1,1,0,1,3,2,1,1,-1,0,-2,-2,-3,-3,0,0,2,1,2,2,2,1,2,2,0,0,0,0,1,1,1,1,0,0,0,1,0,0,1,1,1,1,1,1,1,0,1,1,1,0,0,0,0,1,0,0,0,0,1,0,1,0,0,0,0,0,-2,-2,-1,0,0,0,1,1,0,0,1,0,0,0,2,1,2,2,2,1,2,1,1,0,1,1,2,1,1,1,1,0,1,1,1,0,0,0,1,0,2,1,1,1,1,1,1,0,1,1,-1,0,1,1,-2,-1,-1,-2,0,0,-1,0,0,0,0,0,1,0,0,0,1,0,0,0,0,0,1,0,0,2,9:15 AM
5fe25cd49bf07dda6e5cd6ce,-1,1,-1,2,-1,2,-3,-1,-3,-3,-2,-1,-3,-3,-3,-2,-3,1,-2,1,2,1,-2,-2,-1,-1,3,1,-3,-2,1,-1,-2,-2,-1,-1,-3,-1,-3,-3,-3,-3,1,-1,-3,-2,2,-3,1,-1,-3,-2,-3,-1,-1,2,-2,1,2,-1,-2,-1,-1,1,-3,-3,-2,-3,-3,-3,-2,-2,2,1,-1,1,1,-2,1,-1,-2,-2,-3,-3,-3,-3,-3,-2,-2,-2,-2,1,-1,2,-3,-2,1,-2,-3,-2,-2,-2,1,1,1,1,-1,-1,1,-1,-1,-1,1,2,-2,-1,2,1,1,1,1,1,2,1,-3,-1,-3,1,-3,-3,2,1,2,1,1,1,1,2,2,-1,3,1,1,1,1,-1,1,2,3,1,1,2,1,1,2,-1,2,1,2,1,3,-1,-1,1,-1,1,1,-1,-1,1,-2,1,1,1,-1,1,-1,1,-1,1,2,1,2,2,1,2,-1,1,2,1,1,1,1,2,-1,2,3,-1,2,1,1,-1,1,-2,1,1,1,2,2,1,1,2,2,2,-2,2,2,2,2,1,3,1,1,2,3,-1,1,-1,1,-2,2,-1,1,3,2,-1,1,1,1,1,-1,1,2,-1,1,1,1,2,1,1,-2,2,2,-1,-1,1,2,1,0,2,9:05 AM
5ff9f54ed071dd35faf63f49,2,-1,1,0,1,-1,1,1,2,-3,1,-1,-3,-2,2,1,-1,-1,-1,-1,3,3,1,-1,-2,-1,1,-3,1,0,3,-2,1,1,-1,1,1,0,1,1,1,0,1,2,0,1,-1,1,2,1,-2,1,2,-3,1,1,1,1,1,0,0,-1,-3,-2,1,1,2,-1,1,-1,2,-1,1,0,1,-1,3,2,1,0,1,-1,1,-1,1,0,1,1,1,0,2,0,1,0,1,1,1,1,2,-2,1,-1,1,2,-1,-1,2,1,-1,0,3,-3,1,1,1,-1,1,2,1,1,1,-1,2,-2,1,-1,3,-3,0,0,1,1,-1,-2,1,0,1,-1,1,1,1,-2,1,0,2,-2,2,1,1,1,2,0,1,2,0,0,1,-1,1,1,3,3,1,1,-1,0,-1,-1,-1,1,1,1,2,-3,1,-3,1,1,-1,-2,1,-1,1,1,1,1,1,-2,1,-2,1,1,1,1,1,-1,1,0,1,1,-1,-1,1,0,1,-1,1,-1,2,1,1,2,2,-1,1,-1,1,-1,2,1,1,1,2,1,1,0,1,2,1,1,1,1,1,-2,1,-2,1,1,3,-2,1,-1,1,1,0,1,1,2,2,-1,2,1,1,1,1,-1,2,0,0,2,9:04 AM
60468e9780d4210818d9f801,1,1,-1,2,-1,2,-2,-1,-3,1,-3,-3,-3,-1,1,2,1,-2,-3,-1,-1,1,2,1,1,1,-2,-3,-1,2,1,-1,1,1,-3,-2,1,2,-1,1,-1,2,-1,2,1,3,3,2,-1,1,-3,-3,-3,-1,-3,-1,-2,-2,-3,-1,3,1,-3,1,-3,-1,2,1,-3,-1,-3,1,-3,-1,-2,1,-3,-1,-3,-1,-3,-1,-2,-2,-3,1,-3,1,-3,0,-1,2,-3,-1,2,2,-3,-1,-3,-1,-1,1,-3,-1,-2,-2,-3,-1,-3,1,-1,1,-3,-3,-2,1,-1,-1,1,2,-3,-1,2,1,-1,-1,-2,-1,0,0,2,1,2,1,-1,1,1,1,-2,1,1,2,1,1,-1,-1,1,1,1,1,1,1,1,1,3,2,1,1,2,1,2,2,-2,-1,-2,-1,-1,1,-1,2,1,-1,1,1,-2,-1,1,1,1,1,1,2,1,1,1,-1,1,1,1,1,1,1,1,1,2,2,-3,-1,-1,-2,-3,-1,2,1,1,2,1,2,-2,3,1,2,-2,-1,2,1,2,1,-2,-1,2,1,2,2,2,1,1,1,-1,1,-3,-1,-3,-1,2,1,-2,-1,1,1,-2,-1,1,-1,2,1,-2,2,1,2,-2,1,1,1,1,-1,1,2,0,2,9:22 AM
66fc2a92081b7321e290f30d,1,2,0,1,-2,1,-3,-1,-1,-1,-1,0,-1,-1,-1,-1,-1,0,-2,0,-1,0,-1,0,-1,0,2,1,-1,1,1,2,-2,-1,2,-1,0,0,0,0,2,1,0,0,1,1,2,-1,-2,-1,2,-1,0,-1,1,1,-1,1,1,3,-1,0,-1,1,0,0,1,0,-1,0,-2,-2,-2,-1,0,0,-1,1,2,1,1,0,1,0,-1,-1,-1,1,-1,1,-1,3,1,2,-1,0,-2,1,-1,1,1,1,-1,1,2,-1,-2,1,1,0,0,-1,0,-1,0,0,0,1,3,2,1,1,1,1,1,0,1,1,1,0,-1,1,1,2,2,2,2,3,1,0,1,2,1,2,0,2,1,2,0,1,0,2,1,0,2,2,1,2,1,-1,1,1,-1,-1,1,0,-1,-1,0,0,1,-2,1,0,2,-1,0,-1,0,-1,-1,-1,1,0,0,-1,0,-1,-1,0,1,1,1,0,1,2,2,3,-1,-1,2,2,2,3,1,2,1,3,1,-1,1,2,1,2,2,1,1,2,1,2,2,2,2,3,1,1,0,0,0,0,1,0,1,1,1,1,-1,1,1,1,1,1,-1,-1,0,1,0,-1,1,0,1,0,1,-1,2,1,1,0,0,2,9:05 AM
664703ebf993a8000f098c9a,3,2,-2,-2,-2,2,-3,-3,-1,-1,0,0,-3,-3,-2,-2,1,1,3,3,-2,2,-3,-3,0,0,2,2,-3,1,2,-2,3,3,3,2,-3,-3,-3,-3,-1,1,-3,-3,-3,-3,-3,-3,3,3,-1,1,-1,1,-3,-3,0,0,3,3,0,0,1,1,1,1,0,0,-2,-2,-3,-2,3,3,1,1,3,3,-1,-2,0,0,-2,0,3,3,1,1,2,1,3,3,2,1,0,2,3,3,3,3,1,2,1,2,2,2,3,-2,1,1,-3,-3,3,3,-3,-3,2,1,2,2,-3,-3,1,2,2,2,-3,-3,-3,-3,3,3,-3,2,1,2,3,3,1,1,3,3,2,3,3,3,0,-1,-3,-2,-3,-3,3,3,-1,1,-1,1,-1,3,-3,-2,-1,-2,0,0,-1,-1,-3,-3,-2,-2,0,1,-2,-2,3,2,1,2,-2,-3,-1,-1,-3,-3,-3,2,-2,1,2,3,-2,2,3,3,3,3,3,3,3,3,3,3,3,3,3,3,3,3,-3,3,-2,3,-2,1,3,2,2,3,3,3,3,3,-3,3,-2,0,-2,-3,0,0,-2,-2,-1,-2,1,1,1,2,0,0,0,0,-3,1,1,1,2,2,-2,-2,-1,-1,2,2,-2,-1,0,2,9:01 AM
6465affa18e51585c3547310,1,1,-2,-1,-3,-3,-3,-1,-3,-2,-3,-3,-3,-3,-3,-2,-3,-3,-2,-1,1,2,-2,1,-2,-2,2,2,0,1,1,2,-1,1,-1,0,-2,0,-3,-2,-3,0,0,1,-1,0,1,-1,-3,0,-3,-1,-3,-3,-3,-1,-2,-2,2,2,-1,1,-1,1,-2,-2,-2,-2,-2,-2,-3,-1,1,1,-2,0,1,2,-2,1,-2,1,-3,-2,-3,-3,-3,-3,1,2,0,1,2,1,-3,-2,0,2,0,2,2,1,0,-1,1,1,1,1,1,2,-2,-3,2,2,1,1,2,-1,3,1,0,1,2,1,-2,1,-3,-2,0,0,0,1,0,2,-2,-2,-1,0,-2,1,-1,-1,-3,-1,-2,1,0,-1,1,1,1,0,1,2,0,1,1,1,2,2,0,1,0,0,-1,-2,-2,-2,-2,-1,-1,-2,0,-1,1,0,0,-1,-1,0,0,1,0,-1,0,1,0,1,1,0,2,1,1,1,-1,0,0,1,-1,0,1,1,-1,-1,0,-1,1,0,0,1,0,1,0,1,1,0,2,3,2,1,1,2,2,1,1,1,0,-2,-2,-2,-1,-1,-1,-1,-1,-2,0,1,1,0,-2,-2,0,1,1,-1,0,1,0,1,1,2,0,2,-1,-1,1,-1,0,2,9:05 AM
6631ccfb6feb0e3714411b08,2,2,2,1,0,-1,-2,-3,-2,-2,-3,0,-2,-2,0,-1,0,-1,1,2,2,2,-2,-3,0,1,1,2,-1,-1,2,2,1,2,1,2,-2,-2,-2,0,1,2,-2,-2,-3,-3,-1,-2,1,2,1,2,0,2,-1,-1,0,1,2,2,2,2,1,2,-1,-2,-1,-1,-1,-1,-1,-2,1,2,0,-1,0,1,2,2,0,0,-2,-3,1,2,-1,0,3,2,2,3,1,3,1,2,2,2,2,3,1,2,2,2,1,2,1,2,1,2,-1,-2,1,2,-1,0,0,1,1,2,-1,-2,1,2,1,2,-2,-2,0,0,2,2,1,2,1,2,1,3,1,2,1,2,1,2,1,2,1,2,1,2,2,2,0,-1,1,2,2,2,1,2,1,2,-1,-2,-1,-2,-2,-1,-2,-2,-2,-2,-1,-1,-2,-2,-2,-1,-3,-2,-2,-2,-1,-1,-3,-2,-2,0,-2,0,0,0,-2,-1,2,2,2,2,2,2,2,2,2,2,2,2,1,1,2,2,1,3,2,2,1,2,1,2,1,1,0,0,1,1,0,1,2,2,0,2,0,0,1,2,1,1,1,2,1,1,1,2,0,0,-1,0,-2,-2,0,1,-1,0,-1,-1,-2,-2,-1,0,0,2,9:10 AM
5c5c85c6054ae60001d04f67,2,2,2,2,1,0,-2,-3,-2,-3,0,-1,-3,-3,1,-2,1,1,-3,-3,-1,-2,-3,-3,-3,-3,1,2,-2,-3,-1,-2,-2,-3,-2,-1,-2,-3,-3,-3,1,-1,-3,-3,-1,-2,-2,-3,-1,2,-3,-3,-2,-3,-3,-3,-3,-3,1,2,-2,-2,-1,-3,-3,-3,0,-2,-3,-3,-2,-2,1,1,-3,-3,1,2,1,-2,-3,-3,-1,-3,-1,-2,0,-1,2,3,-1,-2,2,1,-3,-3,1,2,1,-1,-2,-2,-2,-2,1,-2,1,-2,-2,-2,-3,-3,1,-1,-2,-2,-2,-2,0,2,-2,-2,2,1,-3,-3,-3,-3,0,0,2,2,1,1,1,2,1,-2,-1,-2,-1,-2,1,-1,-1,-1,-2,-2,-1,-2,-1,-2,1,1,3,2,2,1,-2,-2,2,3,2,1,1,-1,1,-2,1,-1,1,-2,1,-2,1,-3,1,-1,-1,-3,-1,-2,-1,-2,1,-1,-2,-2,1,-1,1,-2,-2,-2,3,2,3,2,2,1,1,2,1,-1,1,1,-2,-3,1,0,2,-1,1,1,2,1,-3,-3,2,2,2,2,2,2,0,-1,1,-1,1,2,1,1,1,-1,1,-2,1,-2,-1,-2,-2,-3,-1,-3,-3,-3,-3,-3,1,-2,1,-1,-2,-2,-2,-3,1,1,0,2,9:08 AM
6321decd01d759ccbe3a26b3,1,1,1,-2,1,-2,-3,-2,-1,-3,-3,1,-3,0,1,1,-1,-2,1,-2,0,-2,-3,0,-3,-3,2,-2,1,1,0,0,1,-3,1,-2,-3,-2,-3,-1,1,-2,1,1,1,-2,2,-2,1,-3,1,2,1,-2,-2,0,-3,-3,3,2,0,-2,1,1,-3,-3,-2,-1,-2,-1,-2,0,1,-3,-3,-3,1,-2,1,-2,-3,-2,-2,-2,1,-3,-1,-2,2,1,2,1,1,2,-2,-3,2,1,2,2,1,-1,-1,1,2,-2,1,-2,1,0,-2,0,1,-2,-3,0,1,0,2,-2,1,1,1,-1,1,-2,-3,1,0,0,1,1,1,-1,-1,-2,0,-1,0,-1,-1,1,1,1,0,-1,1,-1,0,1,1,2,1,1,1,0,1,0,1,2,1,1,-1,-2,-2,-1,-2,-1,-1,-1,-2,-2,-2,-3,-1,-3,-1,-2,0,-1,0,-1,0,-1,0,-1,0,-2,0,0,0,-1,1,0,1,1,1,1,1,-1,1,1,0,-1,1,1,1,1,0,-1,1,2,1,2,1,-1,1,0,0,-1,1,1,1,1,1,2,-1,-2,-1,-1,1,-1,-1,-1,-1,-1,-1,-2,-1,-2,-2,-1,0,-1,0,-1,0,-1,1,-1,0,-1,0,-1,0,1,1,0,0,2,9:04 AM
65eafe348dd7dad3b69be921,2,1,1,2,1,3,-2,-2,1,1,-3,-1,-3,-3,1,1,1,0,2,2,1,1,0,0,-3,-2,2,3,-1,-1,2,3,2,3,1,1,1,2,-2,-2,-1,-1,2,1,0,0,0,0,1,1,1,1,1,3,1,0,-2,-2,2,2,2,2,2,2,-1,0,-3,-3,-2,-3,-3,-3,2,2,0,1,2,2,2,2,-1,2,-3,-3,2,2,-2,-3,2,3,1,2,2,2,-2,-1,2,1,2,2,2,2,-1,-2,1,0,-2,-2,1,2,0,0,2,2,-2,-1,1,2,3,3,1,1,2,3,2,2,-3,-2,0,0,1,1,1,1,-2,-1,-2,-2,-3,-3,-3,-3,-2,-3,-3,-2,-3,-3,-2,-2,-3,-3,-3,-3,-2,-2,-3,-2,-3,-3,-3,-3,-2,-2,-3,-2,-3,-3,-2,-3,-2,-1,-3,-2,-2,-3,-2,-1,-2,-2,-3,-3,-2,-2,-2,-3,-3,-3,-2,-1,-3,-2,-2,-1,-1,0,-2,-3,-2,-1,-3,-2,-3,-3,-3,-3,-2,-2,-3,-3,-3,-3,-3,-3,-2,-3,-2,0,-2,-2,-3,-3,-3,-3,-1,-2,-2,-1,-2,-2,1,0,-1,-1,-2,-3,-3,-3,-3,-3,-3,-3,-2,-3,-3,-3,-3,-3,-2,-2,-3,-2,-3,-2,-2,-2,-2,-3,0,2,9:04 AM
5c04f82fa3882600019926d7,-3,2,-3,1,-3,-2,-3,-3,-3,-1,-3,0,-3,-3,-3,-1,-3,1,1,2,-3,1,-3,-3,-3,-3,1,2,-3,-3,-3,-1,-3,1,0,1,-3,-3,-3,-3,1,2,-3,-3,-3,-3,-3,-3,-2,2,-3,-2,-3,-2,-3,-3,-3,-3,1,3,-3,-3,-3,-3,-3,-3,-3,1,-3,0,-3,1,-2,1,-3,-3,1,2,-3,2,-3,-3,-3,2,-3,-2,-2,0,1,2,2,3,1,2,-3,-2,1,2,2,3,-2,-2,-3,-1,-2,1,-3,-3,-3,-2,-3,-3,0,1,-3,-2,1,1,3,2,-3,-3,-2,1,-3,1,-3,-3,-2,0,2,2,0,1,2,3,1,2,2,3,1,2,1,2,1,2,2,3,-3,-3,1,2,1,2,2,3,1,2,2,2,-2,-1,-3,1,-3,0,-3,1,-3,-3,1,1,-1,1,1,1,-1,-1,-3,-3,-2,1,1,1,-3,-3,1,2,-2,-3,1,1,-1,1,1,2,1,2,2,2,0,1,2,2,2,2,1,2,1,1,2,3,2,2,2,2,2,2,2,3,2,2,2,3,2,2,-3,-3,0,1,-3,-2,-3,-2,1,1,-3,-1,1,1,1,1,1,2,1,1,-3,-3,1,1,1,1,1,2,1,1,1,1,0,2,9:07 AM
66ce678bbaaf120fe160a530,1,1,-1,1,1,0,-1,-1,-1,0,-1,1,-2,1,-3,-3,-1,-1,3,3,2,2,-1,-1,1,0,3,2,-1,-1,1,1,2,2,2,2,1,0,-3,-3,3,2,2,2,-3,1,-1,1,3,3,2,2,1,1,-1,-1,-1,0,3,3,1,2,1,-1,1,0,-1,-1,-1,1,-2,-1,1,2,1,-1,3,3,3,2,-2,-1,-3,-3,2,2,-1,1,3,2,3,3,1,2,-3,-1,2,2,2,2,1,0,1,-1,2,2,2,2,1,2,1,-1,3,2,-2,-1,1,1,2,3,-1,1,1,1,2,1,-3,-3,1,1,1,1,2,1,1,2,2,1,-1,1,1,-1,1,1,1,1,-2,1,1,1,1,1,1,1,2,1,1,1,1,1,1,1,1,-1,1,0,1,-1,1,-1,1,-1,1,0,-1,1,0,1,1,0,1,1,2,1,1,-1,1,1,1,0,1,1,1,1,3,2,2,1,1,1,-2,1,2,1,1,1,2,1,1,0,1,1,1,0,2,2,3,2,3,3,1,1,1,1,2,1,2,1,1,1,1,1,1,1,1,1,1,1,1,1,1,0,1,0,1,1,2,2,1,1,1,1,1,1,1,-1,1,1,0,2,9:11 AM
5d3067ad3c028b001782ab68,-2,1,-3,-2,-1,1,-3,-1,-3,-2,-2,-1,-3,-3,-2,0,-2,1,-1,2,-1,2,-3,-3,-3,-2,0,1,-3,-1,-1,1,-2,-1,-2,-1,-3,-2,-3,-2,-2,2,-3,-1,-3,-3,-2,-1,-1,2,-1,1,-3,-2,-2,-1,-3,-2,1,2,-2,-2,-1,1,-3,-2,-2,-1,-3,-2,-3,-3,-1,2,-3,-2,1,3,-2,-1,-3,-2,-2,1,-1,1,-2,0,0,2,3,3,-1,2,-2,1,0,2,0,3,-1,0,-2,0,-1,1,-2,-1,-1,0,-3,-3,-1,1,-1,0,-2,0,0,1,-1,1,-1,2,-2,0,-3,-3,0,0,2,3,1,3,1,2,1,2,2,2,1,2,2,1,1,3,-2,0,2,2,-1,-1,1,2,1,1,2,3,3,2,2,2,0,2,-1,1,-1,-1,-1,1,0,-1,0,-1,-3,-3,0,1,0,1,-3,-2,0,1,0,1,0,1,-1,1,0,1,1,-2,2,3,2,3,2,2,0,1,2,2,1,1,1,0,2,2,2,2,2,2,1,0,2,2,3,3,1,1,2,3,1,1,-1,1,-1,-2,-1,1,-1,-2,-1,-1,-1,-1,-1,-1,-1,1,-1,0,0,1,0,1,-1,0,0,1,-1,1,-1,0,-1,-1,0,2,9:15 AM
66d5ea7c6911925175fd0286,3,3,3,3,-1,0,-3,0,-2,-2,-2,0,-1,-1,2,2,3,3,3,3,3,3,0,0,0,0,3,3,-3,-3,-1,-1,3,3,3,3,-1,-1,1,2,3,3,-3,-3,-3,-2,3,3,3,3,3,3,3,2,1,1,-2,1,3,3,3,2,-3,-2,3,2,2,2,-3,-2,-1,-1,3,3,-2,0,3,3,3,3,2,2,-3,-3,3,2,-1,-1,2,3,3,3,3,3,3,3,3,3,3,3,1,1,2,2,-2,0,-3,-1,-3,-3,0,0,3,3,-3,-1,3,2,3,3,-3,-2,3,3,3,3,0,0,-3,-3,3,2,3,3,3,3,3,3,3,3,2,1,3,3,3,2,3,2,2,2,3,3,3,3,3,3,2,2,3,3,3,3,-3,0,-3,-3,-3,-3,-3,-3,-3,0,-3,0,-2,-2,-3,-3,-1,-1,2,2,-3,-1,-3,0,-3,-2,-2,-2,-3,0,-2,-1,2,3,3,3,3,2,2,2,3,3,2,3,3,3,-1,2,3,3,3,3,3,3,3,3,2,2,-3,2,3,3,3,3,-2,-2,-3,-3,3,2,-1,-1,-1,0,-3,-1,-2,0,-3,-2,2,2,-1,-1,-1,-1,-2,-1,-2,-1,-2,-3,1,1,2,2,0,2,9:03 AM
610fb1c9f564684af5fa9986,1,1,-1,-2,-3,-2,-3,-2,-3,-3,-3,-3,-3,-3,-2,-2,-3,-2,2,2,2,2,-2,-2,1,1,2,2,-3,-3,1,1,1,1,2,2,-2,-2,-3,-3,1,2,-3,-3,-3,-3,-3,-3,1,1,-3,-3,-2,-2,-3,-3,-3,-3,2,2,2,1,-1,0,-1,1,-3,-3,-3,-3,-2,-2,2,2,-1,-2,2,3,-3,-3,-3,-3,-3,-3,2,1,-3,-3,1,2,-1,1,2,2,-2,-2,2,2,2,2,-2,-2,1,1,2,2,-2,-2,-2,-3,-3,-3,1,1,-2,-2,1,0,2,1,-1,-1,-1,-2,2,2,-3,-3,0,0,1,-1,1,1,-3,-3,1,1,-3,-3,-1,-1,1,0,-1,-1,-2,-3,-2,-2,-3,-2,-2,-2,1,1,1,0,2,1,-3,-2,-3,-3,-3,-3,-3,-2,-3,-3,-3,-2,-3,-3,-3,-3,-3,-3,-3,-3,-3,-3,-3,-3,-2,-3,-3,-3,-3,-3,-3,-3,-3,-2,1,1,-1,-1,1,0,1,1,-3,-3,-1,-1,1,1,-2,-2,-2,-2,-2,-2,-3,-2,-2,-2,-2,-1,-3,-3,1,1,1,1,-3,-3,-2,-2,-2,-2,-2,-2,-3,-3,-3,-3,-3,-3,-3,-3,-3,-3,-3,-2,-2,-2,-2,-3,-3,-3,-2,-3,-3,-2,-3,-3,0,2,9:02 AM
653ffbc95a3f7389dbd916ce,1,0,-2,-3,0,1,-3,-3,-3,-3,-3,-1,-3,-3,-3,-3,-3,-3,2,3,2,3,0,0,0,0,1,2,0,0,-3,-3,1,2,-1,1,-3,-3,0,0,-1,-2,0,0,0,0,-3,-3,1,1,-3,-3,-1,-1,0,0,0,0,3,3,1,2,0,0,0,0,-3,-3,-3,-3,-3,-3,1,2,0,0,0,2,-2,-3,0,0,-3,-3,0,1,-3,-3,1,1,3,2,1,1,-1,0,3,3,1,2,0,0,-1,-1,-3,-3,2,3,-1,-1,0,0,-3,-3,-3,-3,-1,-2,-3,-3,0,0,-3,-3,-2,-3,-3,-3,0,0,-1,-2,1,0,0,0,1,1,0,-1,0,0,1,0,1,0,2,0,0,0,2,1,3,0,3,0,1,0,1,0,0,0,0,0,-3,-3,-1,-2,-3,-3,0,0,0,0,-3,-3,0,-3,0,0,0,0,1,0,1,0,1,0,0,0,0,0,0,0,0,0,1,1,1,1,-1,0,1,0,0,0,1,0,2,1,2,1,1,0,2,0,2,0,2,1,3,1,1,0,2,0,0,0,0,0,-1,-2,-1,0,0,0,0,0,0,-1,0,0,0,0,1,0,2,0,0,0,1,0,0,-1,2,0,0,0,0,2,9:06 AM
667d674513e23d3a23ae6b86,1,1,0,0,2,1,-2,1,0,0,-2,0,-3,-3,1,-1,-3,-3,3,3,3,3,-3,-2,-3,-3,3,3,-2,0,-1,-1,2,2,2,2,-1,1,-3,-1,2,3,1,0,-3,-3,-3,-2,3,2,-1,2,-3,-2,-3,-2,-3,-2,3,3,3,2,2,-1,-2,-1,-1,-1,-1,-2,-2,-1,3,2,-3,-3,3,3,0,3,-1,1,-3,-2,2,2,-3,-2,3,3,3,3,-2,0,2,1,2,1,3,3,-2,-2,2,2,1,0,0,0,-1,1,-3,-3,3,3,-3,-2,-1,1,2,1,0,0,1,1,3,2,-3,-3,0,0,2,1,2,-3,1,-1,1,0,0,1,0,0,1,1,-1,-1,-2,-2,0,0,0,0,1,0,1,0,-3,-3,2,2,-2,-2,-3,-3,-3,-3,-2,-2,1,0,0,0,0,-1,0,1,-3,-1,-2,-1,-2,-2,0,1,0,0,-2,-1,-3,0,1,-1,-1,0,1,1,2,-1,1,1,-2,-1,0,-1,-1,0,-1,2,-2,-1,1,2,2,1,1,1,-3,3,-1,1,1,0,2,1,-2,3,-3,-2,-3,1,-2,-1,-3,-2,1,1,-1,-2,-3,0,1,1,-1,-3,-2,1,-2,0,1,0,-1,-1,-2,1,1,1,-2,-2,0,2,9:04 AM
66630c09925750bca3f016d4,1,0,0,1,0,0,-3,-1,0,0,-3,-2,-2,-2,-1,-2,-1,-1,1,1,1,1,1,1,-2,-1,2,2,-1,0,1,1,1,1,1,0,-2,-2,0,1,0,0,1,0,-2,-3,-2,-2,1,1,2,2,2,1,2,2,0,1,2,2,1,1,1,1,0,0,0,0,0,0,0,0,1,1,0,0,2,2,3,2,0,1,-1,-1,-1,-1,-1,0,0,-1,0,0,3,3,0,1,2,2,2,2,1,1,0,0,1,1,1,0,1,1,0,1,1,1,1,1,2,2,3,2,2,2,3,2,1,2,-2,-1,0,0,1,2,2,2,1,1,2,3,-1,-1,0,0,0,1,-2,-2,-1,0,-1,-1,-2,-2,0,1,2,1,2,2,0,0,2,2,-1,0,0,0,-2,-2,0,0,-2,-2,-2,-3,-2,-2,-2,-2,1,0,-1,-1,1,0,1,1,1,1,1,1,2,1,1,1,1,1,1,1,1,0,1,2,0,1,1,1,-2,-2,0,1,0,0,1,2,-2,-2,-1,0,2,2,1,2,2,2,2,1,0,0,1,1,1,0,0,0,0,-1,-2,-3,-2,-3,-2,-3,-2,-2,0,0,-1,-1,0,0,0,0,0,1,2,1,1,1,0,2,9:10 AM
66963af2f4f69d1a79e1063a,1,2,1,1,1,-1,-3,-3,-1,1,-3,-3,-1,-1,-1,1,-3,-1,1,2,3,3,-3,-3,-3,-3,1,3,0,1,-3,-2,2,2,3,3,-1,-1,-3,-3,3,3,1,1,-3,-3,-1,1,1,2,2,2,-1,2,-1,2,-3,-3,3,3,-3,1,-3,-3,-3,-3,-3,1,-1,1,-3,1,0,2,-3,-3,2,3,-1,-1,-3,-3,0,2,1,3,1,2,2,3,3,3,1,3,-3,-1,2,3,2,3,1,1,-3,-3,1,2,1,3,2,1,-3,-3,1,3,-1,1,1,1,2,3,-3,-3,-3,-1,3,3,-3,-3,-1,-1,1,1,1,2,1,3,1,2,1,2,1,2,-3,-1,-3,-3,-1,1,-3,1,-3,1,-1,-1,-1,2,1,1,1,2,1,1,1,1,1,0,-1,-1,-3,-2,-1,-1,-3,-3,-3,1,-3,-3,1,2,-3,-3,-3,2,-3,0,-3,-3,-3,-1,1,1,-1,1,-1,2,1,1,2,3,1,1,1,1,1,2,-1,-1,1,1,1,2,-3,1,1,1,1,3,1,2,1,2,1,2,-1,-1,-1,-3,-1,1,-1,1,-1,0,-3,-3,-3,-3,-3,-3,-3,-3,1,1,-3,-3,1,1,1,1,1,1,-1,1,1,1,1,2,0,2,9:05 AM
5cf8012a542f5400196a1493,1,1,-2,-2,1,1,-3,-3,-1,-1,-2,-2,-3,-3,-1,-1,-2,-2,1,1,1,1,-1,-1,-3,-3,2,2,0,0,1,1,1,1,1,1,-3,-3,-3,-3,2,2,1,0,1,1,1,1,2,1,1,1,1,1,-2,-2,-3,-3,3,3,1,1,-2,-1,-3,-3,1,1,-1,-1,-2,-2,2,2,-3,-3,3,3,0,0,-3,-3,0,0,2,2,0,0,2,2,3,3,1,1,-3,-3,2,2,2,2,-1,-1,1,1,2,2,2,1,2,2,-3,-3,1,1,-3,-3,1,1,1,1,-2,-2,-1,-1,2,2,-3,-3,-3,-3,1,1,1,1,0,0,-1,-1,-1,-2,-2,-2,1,0,-1,-1,-2,-2,0,0,-1,-1,-1,-1,1,1,-1,-1,0,0,-1,-1,0,0,0,0,-1,-1,0,0,-1,-1,-1,0,0,0,0,0,-2,-2,-1,-1,-1,-1,0,0,-2,-2,-2,-2,-2,-2,-2,-2,1,1,-1,-1,-1,-1,-1,-1,0,0,1,1,1,1,-2,-2,0,0,1,1,1,0,1,1,0,0,0,0,1,1,-1,-1,-2,-2,-2,-2,-2,-2,0,0,0,0,-1,-1,-1,-1,-3,-2,0,0,0,0,-2,-2,0,0,0,0,-1,-1,-2,-2,-1,-1,0,2,9:05 AM
66b8a0d1b5efe1dedcf6cabf,0,-2,-1,-1,0,2,-1,0,0,0,-1,-2,-2,1,-1,-1,-2,-2,-2,1,-1,1,0,0,0,0,0,-1,1,1,-1,1,-1,-1,-1,-1,-1,0,-3,-3,-2,1,1,-1,0,-1,-1,-1,-3,-2,-2,1,-3,-3,-3,-2,-2,-1,1,3,-1,1,0,1,0,0,-1,2,-1,-3,-2,0,-1,1,0,0,1,2,-2,1,-1,1,0,-1,-2,0,-2,-3,-2,-1,0,2,0,1,0,-2,-1,-1,-1,1,-1,-2,0,1,-1,1,0,0,1,1,0,-3,-1,1,1,2,1,2,1,2,0,1,1,3,0,-2,0,0,0,0,1,1,-1,0,2,1,1,2,1,1,2,1,2,2,0,0,1,1,0,0,1,1,0,0,2,1,1,1,1,1,1,2,0,1,-2,0,0,1,-2,-1,1,1,0,1,0,0,-3,-3,1,1,0,1,0,-3,0,1,-1,-1,0,0,1,0,0,1,1,1,1,1,2,2,2,2,2,1,0,2,2,2,2,3,2,2,2,2,1,-1,1,1,2,1,1,1,2,2,1,2,0,1,0,1,0,0,0,1,0,0,1,1,1,1,1,1,1,1,1,1,1,1,0,0,1,1,1,1,1,1,1,1,0,2,9:12 AM
667ac5d08e51fbbd7e5e17e8,1,2,2,-1,1,2,-1,1,-1,-1,-2,-2,1,-1,-2,1,-1,-1,1,-2,1,1,1,-1,1,-2,1,2,1,-1,2,-1,-1,1,-1,-2,-1,1,-1,-2,1,3,1,2,-1,1,1,1,1,2,1,2,1,1,-3,-2,1,1,2,3,-1,2,1,2,-1,2,2,2,2,1,-2,-2,2,-1,2,1,2,1,1,2,-1,-2,2,-1,1,2,-1,2,1,2,2,3,3,2,-2,-1,2,3,1,1,-1,1,1,-1,2,3,1,-1,1,-2,1,2,1,-2,1,2,1,2,1,-2,1,-1,-1,2,1,3,1,-1,-3,-1,1,2,1,2,-2,1,-2,-1,-2,1,2,2,1,-1,1,2,2,1,2,2,2,2,1,1,-1,1,1,2,2,-1,2,2,1,-1,-1,-3,1,1,1,2,-1,2,2,1,1,-1,-1,2,2,-2,1,-1,1,1,1,-2,1,1,2,2,1,-1,1,1,2,2,1,-1,2,3,1,2,1,-1,2,2,-2,2,2,3,1,2,3,2,1,2,1,2,-1,2,1,3,2,2,1,1,-2,-2,1,2,1,-2,1,-1,1,2,1,-1,-1,1,-1,2,-1,2,2,2,2,1,1,2,2,1,-2,1,1,2,-1,-1,0,2,9:03 AM
65958156fba1fc049194594d,1,1,0,1,0,-1,-3,0,-3,-3,-2,0,-3,0,-2,-2,0,-1,2,2,1,1,-2,-1,0,0,-1,-1,2,1,1,1,0,0,1,1,-3,-3,0,0,1,1,1,1,-3,-3,-3,-1,1,2,0,0,-2,-3,-3,-1,0,0,2,2,1,1,-1,0,0,0,-3,-3,-3,-1,-3,0,3,2,-3,0,1,1,1,2,-3,-3,-3,-3,1,1,-3,-3,2,1,3,3,1,1,0,0,1,1,3,3,0,0,0,1,3,1,0,1,2,2,0,0,2,1,0,0,0,1,3,3,1,1,1,1,0,-1,-3,-2,0,0,2,1,2,1,3,3,2,2,1,1,3,2,1,1,3,2,1,0,1,1,1,0,2,2,3,2,2,3,1,1,3,3,-2,1,-1,1,-1,1,0,0,0,-1,0,1,-1,0,-2,-3,-1,0,-1,0,-1,0,-1,0,2,2,0,0,0,0,1,1,2,1,3,3,2,2,2,1,2,1,3,3,-3,1,2,2,0,0,-3,1,1,1,1,0,1,1,3,2,3,2,2,1,-1,1,2,2,-1,-3,1,1,-1,-1,0,0,-1,-2,0,1,-1,-2,-1,0,-1,-1,0,-2,1,0,1,0,0,0,1,1,0,2,9:04 AM
5f2c2b2e4d46190913d07955,3,2,1,2,-3,-3,1,1,-3,-3,0,1,-3,-3,-3,-3,-3,-3,1,-1,2,3,-3,-3,-3,-3,1,2,0,-1,-3,-3,2,2,3,2,-2,-2,-3,-3,3,3,-3,-3,-3,-3,2,3,3,2,-2,-2,0,-1,-1,-2,-1,-1,2,2,1,1,-1,0,-1,-2,-3,-3,-3,-3,-3,-3,2,1,-2,-2,2,1,3,1,1,1,-3,-3,2,3,-3,-3,3,3,2,3,0,0,0,0,1,1,2,3,-2,-2,-1,-1,1,1,1,0,-3,-2,-3,-2,-2,-2,0,0,-2,-1,-3,-3,1,-1,-2,-1,-3,-2,-3,-3,0,0,-1,-1,2,2,0,1,2,2,0,0,1,0,-1,-2,1,0,2,2,2,1,3,2,1,0,1,0,2,3,3,3,1,1,0,0,1,1,1,1,-3,-2,1,1,-1,-3,-1,-2,-1,-1,1,0,1,1,2,1,1,1,1,1,2,2,1,1,1,1,2,2,2,2,0,0,-2,-1,2,1,-2,-2,-1,-1,-2,-2,2,1,2,2,2,1,3,3,2,1,2,2,3,2,3,2,1,1,-3,-3,-1,-1,1,1,1,0,-1,-3,-2,-1,-1,-2,1,1,1,1,-1,-1,2,2,1,1,1,1,1,2,2,2,0,2,9:05 AM
615aceb06ae03ef88ac6fd1d,1,1,0,0,1,1,-3,-3,-3,-3,-3,-3,-3,-3,-3,-1,-3,-3,-2,3,1,1,-3,-3,-3,-3,-1,0,0,0,0,0,-3,-1,1,1,-3,-3,-3,-3,0,0,-3,-3,-3,-2,-3,-1,-2,-1,-3,-1,-3,-2,-3,-3,-2,-2,2,2,-1,-1,0,0,-3,-3,-3,-3,-1,-1,-3,-3,-3,1,-3,-3,-1,0,-3,-3,-3,-3,-2,-2,-3,-3,-2,-1,1,1,2,2,1,2,-2,-1,1,2,-1,1,-2,-2,-2,-1,1,2,-3,1,0,0,-3,-3,-3,-3,-3,-3,-3,2,2,2,0,0,-3,-1,-3,-3,-3,-3,0,0,2,2,2,3,2,3,2,2,2,2,1,1,1,1,0,0,3,3,1,2,3,3,1,1,3,3,3,3,2,3,1,1,-3,-3,-3,-3,-3,-3,-3,-3,0,0,0,0,-2,-2,-3,-3,-1,1,0,0,-3,-3,1,1,0,0,-2,-1,-2,0,-2,-2,3,3,3,3,1,1,1,1,1,1,1,2,2,2,-1,-1,2,2,3,3,-1,2,2,3,3,3,1,1,2,2,3,3,1,1,-1,-1,-3,-3,-3,-3,-1,-1,1,1,0,0,-2,-2,-2,-1,0,0,-1,-1,-1,-1,0,0,0,0,-3,1,1,1,0,2,9:02 AM
65ca4b51084eb4748aeeec9c,3,3,3,3,-3,0,-3,-3,-3,-2,-3,0,-3,-3,-3,0,-3,-3,2,1,2,2,0,0,-1,-1,2,2,-3,0,-3,-3,3,3,3,3,0,0,-1,-1,-2,-2,-3,0,-2,-2,-3,-3,3,3,1,0,-3,-3,0,0,-2,2,3,3,3,3,-3,-3,0,0,-3,-3,-2,-2,-3,-3,3,3,0,0,3,3,-3,-3,-3,-3,-3,-3,3,3,-3,-3,3,3,3,3,2,2,1,1,3,2,3,1,-1,-1,0,0,3,2,2,2,2,0,0,0,3,3,-3,0,-3,-3,3,1,2,-2,0,0,2,2,-3,-3,0,0,3,3,3,3,3,1,3,3,2,1,-2,-2,3,2,2,1,2,-1,0,0,3,3,1,1,3,3,3,3,2,3,2,1,-3,-3,-3,-3,-3,-3,-2,-2,-3,-3,-3,-3,-3,0,1,2,-2,-2,-2,-2,-1,-3,-3,0,-3,-2,-1,-3,-3,0,-1,-1,3,3,-1,-1,3,2,3,3,2,0,3,2,3,3,1,2,-2,-2,-2,-2,2,2,-3,-2,2,-1,-1,-1,2,2,2,2,-2,-2,-3,-3,2,2,0,0,-3,0,-2,-2,-2,-2,-2,-2,-2,-2,-2,-1,-3,0,-3,0,0,0,2,1,-1,-1,2,2,0,2,9:21 AM
6648676d5034bff572b0b574,1,2,-3,-1,-3,-3,-3,-2,-3,-3,-3,-3,-3,-3,-3,-3,-3,-3,-1,1,-3,-1,-3,-3,-2,-3,1,3,-2,1,1,2,-1,2,-2,-1,-2,-3,-3,-3,-1,1,1,1,1,2,2,3,-1,2,1,1,-2,-1,-3,-3,-3,-3,-2,2,-3,-3,-2,-2,1,1,-2,1,-3,-3,-2,1,-1,2,-3,-3,0,2,-1,1,-1,-1,-3,-1,-3,-3,-2,0,-1,1,-1,2,1,2,-3,-3,-1,1,1,3,-3,-3,-3,-3,-1,2,-1,1,-1,1,-3,-3,-2,-1,-2,2,-2,-2,1,2,1,2,-1,1,-1,1,-3,-2,0,0,-1,2,-1,0,-1,1,1,2,-1,1,-1,1,1,2,1,1,1,-1,-2,1,1,2,1,1,-2,-1,-1,2,-1,1,1,2,-3,-1,-3,-2,-2,1,-2,1,-2,1,-2,-1,1,-1,-3,-3,-1,1,-1,-1,-2,-1,-1,1,-1,1,-1,1,-1,1,1,2,1,3,-1,1,1,2,-1,1,-1,1,-2,-1,-2,-1,1,1,-1,1,1,1,3,3,1,2,1,2,2,1,-1,1,2,2,-3,-2,-2,1,-3,-3,-3,-1,-1,2,-2,-1,-2,-1,-2,-1,-1,1,-1,1,-2,1,-3,-3,1,2,1,1,-2,-2,-1,2,0,2,9:04 AM
66d09134317d48d68b4ee99c,3,2,2,3,-3,1,-1,1,-3,-1,1,1,-3,-3,-2,-3,1,0,-3,-1,3,-1,-3,-3,-3,-1,3,3,1,1,1,1,3,3,1,1,2,-3,0,0,2,2,0,3,-3,-1,-1,1,3,3,-1,0,1,2,3,2,2,0,3,3,-1,-1,-2,-1,-3,-3,1,2,3,2,1,2,-1,2,1,-1,3,2,3,2,0,0,1,-1,1,0,-3,-3,1,1,3,2,3,3,2,2,2,3,3,2,1,-3,3,3,-3,0,3,-3,1,-1,-2,-1,2,-3,-2,-1,3,2,3,3,-1,1,1,1,3,3,-1,0,0,0,3,2,2,-1,2,2,3,-2,3,2,3,2,-1,1,-3,2,1,-1,-1,-2,1,-1,2,0,2,1,3,-1,3,1,3,3,0,0,2,-3,-3,-3,2,3,-3,-2,1,1,-3,3,-3,-3,-2,-3,-2,0,-1,1,2,2,1,0,-1,1,0,0,-3,-3,3,2,-2,-3,2,2,1,1,1,3,2,2,3,3,2,2,3,3,1,2,2,1,2,1,2,-3,1,-1,2,2,2,3,-3,-3,-1,-1,-3,-1,3,-3,-2,-3,0,0,-2,-3,-3,2,0,0,-1,0,1,-1,-1,-1,-2,-2,1,1,-1,-2,0,1,0,2,9:01 AM
66c54795f2b571c1c59d14bd,-1,-1,-3,0,-2,-1,-3,-1,-3,-3,-1,1,-3,-3,-3,-1,-3,-3,3,2,3,2,2,2,1,1,3,2,2,2,-1,-1,3,2,2,2,1,1,-1,0,-1,1,2,2,1,1,3,1,1,2,-1,1,-1,0,-1,1,-3,-1,3,3,1,1,2,2,1,1,-3,-3,-3,-3,-3,-3,2,2,1,1,-1,1,-3,-1,-1,-1,-1,0,-3,-3,-1,1,2,3,-2,-1,3,3,1,1,2,2,1,2,2,2,-1,1,2,2,1,1,2,2,0,0,2,2,1,1,2,3,3,1,3,3,2,3,-1,-1,-2,-1,0,0,-1,1,-1,1,1,1,-1,-1,-3,-3,-3,-3,-3,-2,-1,-1,-3,-3,-3,-3,-3,-3,-3,-1,-3,-3,-3,-3,-3,-3,-3,-3,-1,1,1,1,1,1,-1,-1,-3,-3,-3,-3,-3,-3,-2,-3,-2,-1,-3,-3,-3,-3,-2,-1,0,1,-1,-1,0,-1,1,1,1,2,1,2,1,2,1,1,-3,-3,-3,-3,-3,-3,-3,-3,-3,-3,-3,-3,-3,-3,-3,-3,-3,-3,-3,-3,-1,-3,-3,-3,1,1,1,1,0,1,-2,-1,-3,-3,-3,-3,-3,-3,-3,-2,-3,-3,-3,-3,-3,-3,-3,-3,-3,-3,-3,-3,-3,-3,-3,-3,0,2,9:05 AM
5c48be0496d59b000183e68d,2,0,1,-2,-2,-2,-3,-3,-2,-1,-3,-3,-3,-3,-1,0,1,1,1,-2,2,-2,0,-2,-2,0,2,0,-3,-3,0,-3,2,0,2,-1,-2,-1,0,1,-3,-1,-2,-3,-3,-3,-1,-1,0,1,-3,-2,-3,-3,-2,0,-3,-3,3,0,1,-2,0,1,0,-1,-2,-2,-3,-3,-3,-2,2,1,0,0,2,0,-3,-3,-3,-2,-3,-2,-3,-2,-2,-2,1,-3,2,0,1,2,0,-2,2,-1,3,0,1,-1,0,2,1,-3,1,-1,-2,-2,0,1,1,-2,-3,0,-2,-1,-3,-2,2,2,-2,0,2,1,-3,-3,0,0,0,1,2,-1,-1,0,1,0,3,2,2,-1,3,2,2,1,2,0,3,2,3,2,2,2,1,1,1,2,3,3,3,3,-3,-3,-2,-2,-2,-3,-2,-2,-2,-1,-1,0,0,0,0,-3,-1,-3,-1,-2,1,0,0,0,-1,0,-2,0,-2,1,0,-3,0,2,2,-1,1,0,2,0,0,1,0,1,3,0,3,0,3,1,2,0,-1,0,2,1,2,1,3,2,3,1,2,1,-3,-3,-2,-1,-2,1,-3,-3,1,-2,0,0,1,0,1,-2,-3,0,1,-1,1,-2,1,-2,0,1,2,0,1,1,0,1,0,2,9:08 AM
6696733b8582eeab5b599a7e,1,1,1,0,1,0,-2,-2,0,0,-2,-1,0,-1,1,0,0,0,3,2,3,3,1,0,0,0,3,2,0,0,1,0,2,2,2,2,0,0,-2,-2,1,0,0,0,1,1,1,1,2,3,2,2,0,-3,0,-1,0,0,3,3,2,2,1,0,0,0,0,0,0,0,0,0,2,2,-1,0,3,3,1,-1,-3,-3,1,1,1,1,0,0,3,3,3,3,1,0,1,0,3,3,3,3,0,0,2,1,3,2,1,1,2,2,-1,-2,2,2,0,0,0,0,2,1,0,0,0,0,2,2,-3,-3,0,0,1,0,1,1,1,0,2,2,1,0,1,1,1,1,1,0,1,1,2,2,0,0,1,1,2,1,2,2,0,-2,1,1,0,0,0,0,0,-1,0,0,1,0,1,0,0,0,0,0,0,0,1,-1,0,-1,1,0,1,0,1,1,1,0,0,0,-1,-2,1,1,1,1,1,0,1,3,1,0,2,1,1,1,1,1,1,1,2,1,1,1,2,2,1,1,1,1,2,2,-1,-2,-1,0,0,0,1,1,1,1,0,0,1,0,0,0,0,-1,0,0,0,0,0,0,1,0,1,1,0,0,1,0,0,2,9:18 AM
66cc192c17ecb70bdf8e6e3d,2,3,1,-1,-2,1,-3,1,-3,1,-2,1,-3,1,-2,1,1,2,2,3,2,3,-3,1,-3,-1,3,3,-2,2,2,3,2,3,2,3,-2,1,-3,1,2,3,1,1,-2,1,2,3,2,3,3,3,1,2,-1,1,-3,1,3,3,2,3,-1,2,-2,1,-1,1,-2,1,-3,2,3,3,1,1,2,3,2,3,-2,1,-2,2,2,3,-2,2,2,3,1,2,-1,2,-3,-2,3,3,3,3,2,2,1,1,2,2,2,3,1,2,-2,1,3,3,-1,1,1,2,3,3,-2,2,2,2,2,2,-3,1,0,0,-3,1,2,2,2,3,1,2,2,2,1,2,-1,2,1,2,-1,2,2,2,1,2,1,2,2,2,3,3,2,3,2,3,-3,1,-2,1,-1,1,-1,1,1,1,-2,1,1,1,1,2,-1,1,-2,-2,-1,1,-1,1,-2,1,-2,2,1,2,-2,1,2,3,-1,2,1,2,2,3,-1,2,-1,2,1,2,-1,1,-1,1,-1,1,-2,1,-1,2,1,2,1,1,1,2,1,2,1,2,-1,1,1,2,-1,1,-2,1,-1,2,-1,2,-1,1,-1,1,-1,1,-2,1,-2,1,-1,1,-1,1,-1,1,-3,1,0,2,9:04 AM
615e67a92bcd04cb496d647a,0,1,-1,1,-2,-1,-2,0,-1,-1,-3,-3,-1,0,1,1,-1,0,2,1,1,1,1,0,-1,0,2,2,1,0,1,1,1,1,1,0,1,1,-3,-3,1,2,1,0,0,1,1,-1,2,1,2,1,1,1,0,-1,0,1,2,2,1,1,1,2,0,0,-1,0,0,0,-1,-3,2,1,0,0,2,1,2,1,1,0,-3,-3,1,0,-1,-2,1,1,1,0,2,2,0,0,1,2,1,-1,0,1,0,0,2,1,0,1,1,0,-3,-3,2,1,-1,-1,0,1,2,3,-1,0,1,2,0,0,-1,-2,0,0,0,1,0,1,0,1,0,0,0,0,0,0,0,0,-1,-1,0,0,0,0,0,0,0,0,0,1,0,1,1,-1,0,0,-2,-1,-2,-1,-1,0,-3,-3,0,0,0,0,-2,-2,0,0,0,0,0,0,0,0,0,0,1,-2,-2,-2,0,0,0,0,0,1,0,1,1,1,1,-1,-1,0,-3,-2,0,0,-2,-2,0,1,0,0,0,0,0,0,1,0,1,1,1,0,0,-3,-1,-2,1,0,1,0,0,0,0,0,0,0,0,0,-3,-3,0,0,-3,-3,1,-1,0,0,0,0,-2,-3,1,0,0,0,0,2,9:05 AM
64ae13e7175228ade1bbaeb6,-3,-3,0,0,-3,1,0,2,-3,-3,-3,-3,-3,-3,0,0,0,0,3,1,-3,-2,-3,-3,0,0,1,2,0,1,-3,1,0,0,-1,3,0,0,-3,-3,-1,3,-1,1,2,0,2,1,-2,3,3,2,-3,1,-3,-3,0,0,-1,3,0,1,0,0,-3,-3,0,0,-3,-3,-3,-3,-3,1,-3,-3,-3,3,-3,-3,-3,-3,0,0,-1,-2,0,0,-3,1,-3,2,-2,2,0,0,1,2,-3,2,0,0,-3,-3,0,1,-3,-3,-1,1,-3,-3,3,2,-3,-2,-3,0,3,1,0,0,0,3,-3,-3,-3,-3,0,0,-2,1,1,3,2,1,-2,3,-3,1,-3,0,-2,2,1,1,-3,1,1,1,2,2,1,1,1,1,1,1,0,2,-2,1,0,0,-1,2,-3,-3,-3,-3,-3,-3,-1,1,-3,-3,-3,-3,-3,-2,-3,-3,-3,-3,-3,-3,0,0,-1,-2,-3,-3,-3,1,-2,3,-1,1,2,3,1,2,-1,2,-1,2,-3,-2,-2,2,-3,1,-1,1,-2,2,-3,1,-1,1,2,1,-2,2,1,2,0,0,-3,-3,-1,1,-3,-3,-2,1,-3,-3,-1,1,-3,-2,-3,1,-2,1,0,-2,-3,-3,-3,-1,-2,1,-1,1,-2,1,0,2,9:09 AM
611cef2658a262a018829246,-1,-1,1,1,-2,-2,-1,-1,-2,-2,-2,-2,-2,-1,-3,-2,-1,-1,1,1,-1,-1,-3,-3,-2,-1,-1,-1,-3,-2,-2,-2,-2,-2,2,2,-1,-2,-2,-2,2,2,-3,-3,-2,-2,-2,-2,-2,-1,2,2,-2,-2,-1,-1,-1,-1,2,2,-2,-2,-2,-1,-2,-2,-2,-2,-2,-3,-2,-2,2,2,-2,-2,2,3,1,2,3,2,-2,-2,-1,-1,-1,-1,1,1,1,1,-2,-2,-2,-2,2,2,1,2,-1,-1,-3,-2,1,3,-1,-1,-1,-1,-2,-2,-1,-1,-3,-3,-1,-1,2,2,1,1,1,1,1,1,-2,-2,-1,-2,-1,-1,-1,-1,1,0,-1,-1,1,1,2,2,-2,-1,-1,-1,2,2,-2,-2,2,2,2,1,1,1,2,2,-1,-1,2,2,-2,-2,-2,-2,-2,-2,-1,-1,-2,-2,-2,-2,-1,-1,-2,-2,1,1,-1,-1,-1,-1,-2,-2,-2,-1,-2,-2,-1,-1,-2,-2,2,2,-1,-1,1,1,-2,-2,1,1,1,1,2,2,-2,-2,-2,-2,-1,-1,-1,-1,2,2,-1,3,-2,-2,2,2,-2,-2,-2,-2,-3,-2,-2,-2,-2,-2,1,1,1,1,3,2,-2,-2,-2,-2,-2,-2,-2,-2,-2,-2,-2,-2,-1,-1,-2,-2,-2,-2,0,2,9:06 AM
65f33319737e19c6aad351b3,0,-1,-2,0,-2,-2,-2,-2,-2,0,-2,0,-2,-2,-2,1,-2,-2,2,2,-1,2,-2,1,0,-2,2,2,-2,2,2,0,0,3,1,2,-2,1,0,-2,0,3,2,0,-2,-3,-1,-2,2,2,-2,0,-2,-2,0,2,-1,0,2,2,-1,3,0,2,-2,-2,-2,-2,-1,1,-3,-2,-1,1,-1,0,3,3,-2,2,-1,1,-2,-1,-2,2,-3,-3,0,1,2,3,2,3,0,-1,1,1,2,2,1,1,1,1,1,2,-1,2,1,2,0,0,2,2,-1,-1,1,1,3,3,-1,1,1,1,-2,2,-3,-2,0,0,1,1,1,1,1,1,1,1,0,1,1,1,1,1,0,1,0,-1,1,1,0,1,1,1,1,1,0,1,0,-3,1,1,-1,-1,-1,1,-2,-1,-1,0,0,-2,0,1,-1,0,-1,-1,-1,1,-1,1,1,1,0,0,0,-1,0,-1,-1,1,0,1,1,1,0,1,0,1,0,1,1,1,1,0,1,1,1,1,0,-1,-1,-1,0,1,1,1,1,1,0,1,1,1,1,1,0,1,0,1,0,-1,0,1,0,1,0,1,0,1,0,-1,0,1,0,1,1,0,0,1,-1,1,-1,1,-1,-1,1,1,0,2,9:07 AM
60415858380a051122571d55,1,1,-1,1,-2,-1,-3,-3,-3,-3,-3,-2,-3,-3,-2,-1,-3,-3,1,1,-1,-1,-3,-3,-3,-3,1,1,-3,-3,-3,-3,1,1,2,2,-3,-3,-3,-3,-1,-1,-2,-2,-2,-2,-2,-1,-2,-2,-3,-3,-2,-2,-3,-3,-3,-3,1,2,-2,-1,-2,-2,-3,-3,-3,-2,-3,-3,-3,-3,1,2,-3,-3,1,1,-2,-1,-1,-2,-3,-3,-2,-1,-2,-2,1,2,1,2,2,1,-3,-3,1,2,-2,-2,-3,-2,-1,1,1,2,1,1,-2,-1,-3,-3,1,1,-3,-3,-2,-1,1,1,-2,-3,-1,-1,-2,-2,-3,-3,0,0,1,1,1,1,1,2,1,1,-1,1,-1,1,-2,1,-1,1,1,2,-1,1,1,2,1,2,1,2,1,2,1,2,1,1,-2,-2,-3,-3,-2,-1,-3,-3,-1,-2,-2,-1,-1,1,-2,-1,-1,1,-2,-1,-1,-1,-3,-2,-2,-1,-2,-1,-2,-1,-1,1,1,1,1,1,1,2,1,1,-1,1,-1,-1,-1,1,1,1,-1,1,-1,2,1,1,1,1,1,2,2,2,2,1,1,2,1,1,-2,-1,-1,-1,-1,-2,-1,1,-1,1,1,1,-2,-1,-1,1,-2,1,-1,0,-1,1,1,1,1,1,1,1,-1,1,0,2,9:04 AM
615c5d74156deea8ee2aa187,2,2,-1,3,1,1,-3,1,-3,-3,-2,1,-2,-3,-1,-3,0,-2,3,3,3,3,0,-3,-3,-3,3,3,-2,-3,0,-3,3,3,3,3,-1,-3,-3,-1,3,3,-2,-3,0,-3,-1,-3,3,3,-3,-3,3,3,0,-3,0,-3,3,3,3,3,0,0,-1,-3,-1,-3,-3,-3,-1,-3,2,2,1,1,3,3,-1,1,-3,-3,-3,-3,3,2,-1,1,3,3,3,3,3,3,2,2,3,3,3,3,0,-3,2,2,3,3,3,2,1,1,0,0,0,0,0,-3,0,0,3,2,0,-3,-3,-3,3,-3,0,0,0,0,2,1,-3,-3,2,2,1,1,1,1,0,1,1,1,0,0,0,0,1,1,3,3,0,0,3,2,2,2,0,3,2,2,-3,1,1,1,-3,1,0,-3,-3,1,1,1,0,0,-3,1,-2,2,-2,2,1,1,-1,1,0,0,0,1,0,1,0,1,-3,-3,-2,1,0,1,2,1,0,2,0,2,1,1,-1,1,2,2,-1,3,3,3,1,1,-2,3,0,1,2,1,2,2,-3,1,-1,-3,0,-3,-3,1,1,1,1,1,0,-3,0,1,0,-3,0,-3,0,-3,1,1,-3,2,-3,1,-1,2,0,0,0,-2,9:01 AM
5e9071852d79d90315e4eb6f,0,1,1,1,0,1,-1,-1,-1,-1,-1,-1,-2,-2,-1,1,-1,-1,1,1,1,1,-2,-2,0,0,0,1,0,0,2,2,1,1,1,1,-1,-1,-1,-1,0,1,-1,0,-3,-3,0,0,1,1,0,0,0,0,-2,-2,-1,-1,3,3,1,1,0,1,1,1,0,0,-2,-2,-1,0,-1,-1,-1,-1,1,1,1,1,-1,-1,-1,1,1,1,0,0,2,2,2,2,2,2,1,1,0,2,2,2,1,1,1,1,1,1,0,1,0,1,-3,-3,1,1,-1,-1,1,1,1,1,0,1,1,1,1,1,-1,-1,0,0,2,2,2,2,1,1,1,1,2,2,1,1,2,2,1,1,1,1,1,1,3,3,1,1,1,1,2,2,2,2,2,2,-1,-1,0,0,0,0,-1,-1,0,0,-1,-1,-2,-2,0,0,1,1,0,0,0,0,1,1,1,1,1,1,0,0,0,0,1,1,1,1,3,3,3,3,3,3,3,3,3,3,1,1,3,3,1,1,2,2,2,2,3,3,3,3,3,3,3,3,0,0,1,1,0,0,1,1,0,0,1,1,0,0,1,0,1,1,1,1,1,1,1,1,1,1,0,0,1,1,1,1,0,2,9:32 AM
612bfd916d56dd67104c0a69,-1,-1,-1,1,-2,-1,-3,-1,-1,1,-1,-1,-3,-2,-3,-1,-2,-2,3,3,1,2,1,1,-3,-3,2,1,2,2,1,1,1,2,1,3,-2,-2,-2,-2,-1,-1,1,1,-3,-2,-1,-1,2,2,-2,1,-2,-1,-1,1,-1,1,1,3,1,2,1,1,-3,-3,-3,1,-3,-1,-3,-1,2,3,1,1,-2,2,-1,-1,-1,-1,-2,-1,-3,-2,-3,-1,-3,1,-1,2,2,2,-2,-1,2,3,1,2,-1,1,-3,-3,-1,2,-1,2,-1,1,-3,-3,2,2,1,1,1,1,-1,2,-2,-1,-1,2,-3,-1,-3,-2,0,0,1,2,-1,1,-2,-1,-1,1,1,2,1,2,-2,1,-1,1,1,1,1,2,2,2,1,1,2,2,2,2,1,2,3,3,-2,-1,-2,-2,-3,-2,-3,-3,1,1,-1,-1,1,1,1,1,-3,0,1,1,-1,0,-1,-1,-3,1,-1,1,-1,1,1,1,-1,1,-1,2,1,2,-1,2,1,1,2,2,2,2,1,1,2,2,1,-1,2,2,1,1,1,1,2,2,2,2,1,1,-2,1,-2,-1,-2,1,-1,-1,2,1,-1,1,1,-1,-1,1,1,1,1,1,-1,-1,-2,-2,-1,1,-1,1,-1,-1,-1,-1,0,2,9:02 AM
62029c754dc28df6b6246e96,0,0,0,1,-3,-3,-3,-3,-3,-3,-3,-3,-3,-3,-3,-3,-3,-3,1,0,-2,-2,-3,-3,-3,-3,1,2,-3,-3,-3,-3,-1,0,-1,0,-3,-3,-3,-3,-2,1,-3,-3,-3,-3,-3,-3,-1,1,-3,-3,-3,-2,-3,-3,-3,-3,3,2,-2,-2,-3,-3,-3,-3,-3,-2,-3,-3,-3,-3,1,2,-3,-3,-2,-1,-3,-1,-3,-3,-3,-3,-2,0,-3,-2,0,-2,2,3,0,1,-3,-3,1,0,2,3,-3,-2,0,1,-2,-3,-2,-3,-2,-1,-3,-3,0,1,-3,-3,-2,-2,-1,1,-3,-3,-3,-3,0,1,-3,-3,0,0,-1,-2,-1,0,1,2,-2,-2,0,1,0,1,-2,-1,-2,-2,0,1,0,0,-2,-2,-1,-1,0,0,1,2,1,2,0,1,-3,-3,-3,-3,-3,-3,-3,-3,-3,-3,-3,-3,-3,-3,-3,-3,-3,-2,-3,-3,-3,-3,-3,-3,-3,-3,-3,-3,-3,-3,-3,-3,-1,1,-2,-1,1,0,1,0,1,2,-1,1,1,2,-1,1,1,2,2,2,1,1,0,1,1,2,0,1,1,2,1,2,-3,-3,-3,-3,-3,-3,-3,-3,-2,-1,-3,-3,-2,-3,-3,-3,-2,-2,-3,-2,-3,-3,-3,-3,-2,-2,-3,-2,-3,-2,-2,-2,0,2,9:10 AM
66c20c5d7fb5c5aced53c5f3,2,1,-3,-2,-1,-2,-3,-1,-3,-1,-3,-1,-3,-2,-1,-1,-1,-2,2,1,1,2,-1,0,1,0,2,3,-1,2,0,-1,2,2,-1,2,1,2,0,-1,-1,-1,-2,-1,-3,-3,-3,-3,2,1,-2,1,-2,-1,0,-1,-1,-2,2,3,0,-1,2,1,1,1,-2,-2,-3,-2,-3,-1,2,2,1,1,1,1,-1,-1,2,2,-1,-2,1,1,-3,-1,1,2,2,1,2,1,0,1,1,2,3,3,1,2,-1,-1,2,1,2,1,2,1,0,0,1,2,-1,-2,-1,-2,-2,-1,1,-1,1,1,0,2,-3,-2,0,1,1,2,1,2,2,2,2,3,1,1,1,0,1,2,2,2,1,2,1,1,2,2,1,1,1,2,2,1,3,2,1,2,-3,-1,-2,-1,-3,-2,-1,-1,-1,-2,-1,-2,-1,-2,-2,-1,1,1,-2,-1,-1,-2,1,-1,1,1,-2,-2,-1,1,1,2,1,3,2,1,2,1,2,3,1,1,1,1,1,2,1,2,1,1,2,2,3,2,1,2,2,2,1,2,1,2,2,3,2,1,-1,-1,1,2,1,-1,1,2,1,1,1,2,1,1,1,2,-1,-2,2,2,-1,-2,-1,1,1,-1,1,1,1,1,0,2,9:04 AM
66942c58f9e08328efe64d50,1,1,1,1,-1,-2,-3,-2,-2,-2,-3,-3,-3,-3,-2,-3,-3,-3,2,2,2,2,-3,-3,-3,-3,2,3,-2,-3,-2,0,2,1,3,3,-2,-2,-3,-3,2,2,-2,2,-2,1,-1,3,1,1,1,2,1,1,-2,-3,-3,-3,2,2,2,2,-1,-2,-2,-2,-1,-1,-2,-2,-2,-1,1,1,-1,-1,1,2,2,2,-3,-3,-1,-1,2,2,-1,0,1,3,3,3,2,2,0,-2,1,3,3,3,-1,2,-2,-1,3,3,2,1,-2,3,-3,-3,-2,2,-1,-2,1,0,1,2,-2,-2,1,1,2,2,-2,-3,0,0,2,1,3,1,2,1,2,1,1,1,1,0,2,1,1,1,1,1,1,-1,1,1,1,-1,2,-1,2,1,3,1,1,1,-1,1,-1,-1,-1,1,-1,-1,-3,-3,-1,-1,-3,-3,-2,-2,-3,-3,-2,-3,-3,-3,-1,-1,-1,1,-1,1,-1,0,1,1,3,3,3,2,1,1,2,1,1,1,2,1,3,2,3,2,1,1,2,2,2,1,2,2,2,2,1,1,1,1,2,1,-1,2,1,1,1,1,1,1,-1,-1,1,1,1,1,-1,-1,-2,1,-3,-3,1,1,-2,-3,-1,1,1,1,-1,1,1,1,0,2,9:08 AM
64ff116dcfc10a30c828591e,3,2,-1,-2,1,1,-3,-3,1,1,-3,-3,1,1,0,0,-1,-3,3,3,3,3,1,1,2,2,3,3,1,1,3,3,3,3,2,2,1,1,-1,-1,3,3,-1,-2,-1,-1,2,2,3,3,3,3,1,1,-1,-2,-3,-3,3,3,3,3,1,1,0,-1,1,0,1,1,0,0,3,3,-2,-2,3,3,3,3,-3,-3,-3,-3,3,2,2,2,3,3,3,3,3,3,-1,1,3,3,3,3,2,3,0,1,3,3,3,3,3,3,-2,-3,3,3,1,-1,2,2,3,3,-1,-1,2,1,3,3,-3,-3,0,0,3,3,3,3,1,1,3,3,0,0,1,0,2,3,3,2,1,1,2,-1,2,2,1,1,0,0,-1,-2,0,0,-1,-1,-3,-3,-3,-3,-1,-2,2,0,0,0,-2,-3,0,-1,-1,-1,-3,-3,0,0,-3,-3,-1,-2,-1,-2,-3,-3,-2,-3,0,-2,3,3,3,2,2,1,2,2,3,3,2,1,3,3,2,2,1,1,1,1,1,1,1,2,1,0,2,2,3,2,3,3,0,0,1,1,-1,-2,1,0,1,1,1,1,1,1,-1,-2,0,0,-1,-2,-1,-1,-2,-2,0,0,0,0,-1,-2,0,0,0,2,9:07 AM
60e34a88a72401c6d21cb845,-2,-1,-3,-3,-3,-3,-3,-3,-3,-3,-3,-3,-3,-3,-3,-3,-3,-3,3,3,3,3,-2,-3,-3,-3,3,3,1,1,1,1,3,3,-3,-3,1,1,-3,-3,-3,-3,-1,-3,-3,-3,-3,-3,1,1,-3,-3,-3,-3,-3,-3,-3,-3,3,3,1,1,-1,-1,-1,-3,-1,-1,-1,-1,-3,-3,3,3,-1,-3,3,3,-3,-3,-3,-3,-1,-1,-3,-3,-2,-2,3,3,-3,-3,3,3,-3,-3,3,3,3,3,-3,-3,-3,-3,1,1,-3,-3,1,1,-1,-1,2,3,1,1,1,1,1,1,-2,-2,-1,-1,3,3,-3,-3,-3,-3,-3,-3,-1,-1,1,1,-1,-1,-2,-2,-1,-1,-3,-3,-3,-3,2,3,1,1,1,1,1,1,1,1,1,1,1,1,-2,-2,-3,-3,-3,-3,-3,-3,-3,-3,-3,-3,-1,-1,-3,-3,-3,-3,-3,-3,1,1,-1,-1,-3,-3,-1,-1,-3,-3,-2,-2,-1,-1,-3,-3,-2,-2,-3,-3,-3,-3,-1,-1,-2,-2,1,1,2,3,3,3,1,1,2,2,1,1,1,1,-2,-2,1,1,1,1,-3,-3,-3,-3,-1,-3,-3,-3,-3,-3,-3,-3,-3,-3,-3,-3,-1,-1,-3,-3,-1,-1,1,1,-3,-3,-3,-3,1,1,-3,-3,0,2,9:11 AM
65cb7f5b24a1845aafedf2c1,-1,0,-3,-3,0,0,-3,-3,-3,-3,-3,-3,-3,-3,-3,-3,-3,-3,-2,-2,2,-2,-3,-3,-3,-3,1,1,-3,-3,-1,-1,-1,-1,1,1,-3,-3,-3,-3,-2,-1,-1,-1,-3,-3,-3,-3,-3,-2,-2,-3,-3,-2,-3,-3,1,-1,2,2,-1,-1,-2,-2,1,1,-2,-2,0,0,1,-1,-1,-3,-3,-3,1,1,-1,-2,-3,-2,-3,-3,1,0,-2,-2,0,1,2,2,2,2,-1,-1,1,1,2,2,-1,-1,1,1,1,1,-1,-1,-2,-2,1,-1,-1,1,-3,-3,-2,-2,1,2,-3,-3,-2,-2,-3,-3,-3,-3,0,0,1,0,1,2,1,1,2,2,2,1,2,1,1,2,2,1,2,1,1,1,2,2,1,2,2,2,2,1,2,2,1,2,1,1,0,0,-1,-1,0,0,0,0,1,1,1,1,1,1,1,1,1,1,0,2,1,-1,1,1,1,1,1,1,1,-1,2,2,2,3,3,1,2,2,2,1,1,2,2,2,1,2,2,2,2,3,2,2,1,1,3,3,3,3,2,2,1,2,0,0,0,0,0,0,1,0,1,1,2,1,1,1,1,1,1,1,1,1,1,1,1,1,1,1,1,1,1,1,2,1,0,2,9:13 AM
65ba64c07847d4c34ec00de1,2,-1,2,-1,-2,-3,-3,-3,-3,-3,-3,-3,-3,-3,0,-2,-2,0,1,-2,0,-2,0,-2,-3,-3,2,-1,-3,-1,-3,-3,2,-1,2,-1,-3,-1,-2,-2,1,-2,-3,-3,-3,-3,0,-3,2,0,-3,0,-3,-3,0,0,-3,-2,2,-1,0,-3,-1,-3,-2,-1,-3,-1,-3,-3,-3,-3,2,-1,-2,-1,3,0,-3,-3,-3,0,-3,-3,-1,-2,-3,0,2,-2,2,-2,3,0,0,2,1,-1,2,-2,1,-1,1,-1,1,-2,1,-2,-1,-3,-3,-3,2,0,-3,-2,-2,0,-1,-3,1,0,-3,-3,-2,-3,-3,-3,0,0,3,1,3,2,3,1,3,1,3,3,2,0,3,3,3,2,3,3,3,2,3,3,3,3,3,3,3,3,3,3,3,3,-3,-3,-3,-1,-1,-2,-3,-2,1,-2,-3,-2,1,-2,-1,-1,0,-1,0,-1,1,-2,2,0,-3,-1,-2,1,0,2,0,0,2,0,1,2,3,0,3,2,3,3,3,1,3,1,3,1,3,0,3,3,3,3,3,3,3,3,3,2,3,3,3,3,-1,1,-3,-3,1,-2,0,-2,0,-2,2,-2,3,0,2,-2,1,-2,1,-1,1,-1,1,-2,2,0,1,0,1,0,1,0,0,2,9:19 AM
667034cfb335720b812f3aa8,2,2,2,2,1,1,-1,-1,-2,-2,-2,-2,-3,-1,2,2,1,1,1,1,3,3,-2,-2,-1,2,-1,-1,-2,-1,1,1,-1,-1,1,1,2,2,-3,-2,-3,3,-2,-2,-3,-3,-3,-3,-1,-1,2,2,1,2,1,2,-1,2,3,3,2,2,3,3,-1,1,3,3,2,2,-3,-3,2,2,1,1,1,1,3,3,3,3,1,1,2,2,2,2,3,3,2,2,2,2,3,3,2,2,3,3,3,3,2,3,-3,-3,1,1,-3,-3,-3,-3,2,2,2,2,-3,2,3,3,-2,3,3,3,3,3,-2,2,-3,-3,3,3,2,2,3,3,3,3,-2,-2,-2,-2,-1,-1,-1,1,-1,-1,2,2,2,2,1,1,2,2,3,3,2,2,3,3,-3,-3,-3,-3,-3,-3,-3,-3,-3,-3,-2,-1,-3,-3,-3,-2,-2,-2,-3,-3,-3,-2,-3,-3,-2,-2,-2,-2,-3,-3,-2,-1,3,3,2,2,2,2,3,3,2,3,2,2,2,2,1,1,2,2,2,2,2,2,2,2,1,1,1,1,2,2,2,2,-3,-3,-1,-1,-3,-3,-2,-2,1,1,-2,2,-2,-2,-3,-3,-2,-2,-3,-3,-2,-2,-2,-2,-1,-2,-2,-2,-3,-3,-1,-1,0,2,9:02 AM
647b5ca499373a63197a60a2,0,1,0,1,0,1,-3,-3,-1,-1,-2,-3,-3,-3,-2,-1,0,1,1,2,1,2,-2,-2,0,0,-1,2,0,0,0,0,0,1,1,2,-2,-3,0,0,2,3,-1,-1,-3,-3,1,1,1,2,-2,1,-1,1,-3,-2,-3,-3,1,3,1,2,0,1,-1,0,0,0,-1,-1,1,0,0,1,-3,-3,1,2,0,0,-2,-1,-1,0,1,2,-1,0,1,2,1,2,1,2,-1,1,0,1,0,2,0,1,-1,1,0,1,1,2,0,1,-3,-3,3,3,1,0,-1,1,3,2,-1,0,-1,-1,1,2,-3,-3,-1,1,1,2,-1,1,1,1,1,1,0,1,-1,1,0,1,1,1,-1,1,1,1,1,0,1,2,2,1,1,0,-1,1,2,3,-3,-3,-3,-3,-3,-2,-3,-3,-1,-2,-1,-1,0,0,-3,-3,-3,-3,-1,1,-1,0,-1,1,-1,-1,-2,-2,-3,-3,-3,-3,0,1,1,1,0,2,-2,1,1,1,2,3,2,1,1,1,0,1,1,2,1,1,1,1,1,0,2,1,1,1,1,2,0,-1,-1,0,-1,1,-1,1,1,2,1,2,1,1,1,1,-1,1,0,0,-1,-1,1,1,-2,-1,1,1,-1,-1,-1,1,0,2,9:06 AM
663fb6ab25b6651523726bad,1,0,1,1,-1,-2,0,-1,-3,-3,-1,-1,-3,-3,-3,-2,-1,-2,2,-1,1,1,0,-1,-2,-3,2,2,1,1,2,1,1,3,2,1,-2,-2,-1,-1,-1,2,-2,-3,1,1,1,0,3,3,-1,0,-2,1,1,-1,-2,-1,2,2,1,1,1,1,-1,-2,-3,-3,-3,-3,0,-1,1,2,1,-1,1,2,0,0,0,-1,1,1,1,0,-3,1,2,1,2,2,2,2,-2,-2,2,3,2,2,1,0,1,-1,1,-1,2,1,2,3,-3,-3,2,2,-1,-2,1,1,2,3,1,1,1,3,1,2,-3,-3,0,0,1,1,1,2,1,1,1,3,0,-2,0,0,1,-1,1,0,1,2,1,2,1,2,-2,2,1,1,1,1,1,0,2,2,-2,-3,-2,-2,-2,-2,-1,-2,0,-1,-2,-2,-2,-2,-1,-2,1,0,0,-2,1,1,0,1,-1,1,-1,1,0,-1,2,-1,2,2,1,2,-1,1,2,3,3,3,0,-1,1,1,1,1,1,2,2,1,1,2,1,2,2,3,1,2,2,1,2,1,-2,1,1,0,-3,-2,-1,-1,-1,-2,-1,-1,-2,-2,-2,-2,1,1,1,1,1,0,-1,1,0,-1,1,-1,2,1,1,2,0,2,9:27 AM
66c64d1c143d20ed4b9812f9,1,2,1,1,2,2,1,0,1,1,-2,-2,-3,-3,0,1,-2,-2,1,1,1,0,0,0,-2,-3,1,1,1,0,1,0,1,1,1,1,-1,-1,0,0,1,1,2,1,-2,-2,1,0,1,2,-1,-1,1,1,0,0,-3,-3,-1,-2,-1,-1,1,0,-2,-2,1,0,-2,-2,0,0,1,1,1,1,1,2,-3,-3,-3,-3,1,0,1,1,1,1,-1,-1,-2,-2,2,2,0,0,1,1,-3,-3,-3,-3,-1,-1,-2,-2,1,1,1,1,-3,-3,2,2,0,0,0,0,2,2,-3,-3,-3,-3,-2,-2,-2,-2,1,1,0,0,-2,-2,-3,-3,-3,-3,-3,-3,-3,-3,-3,-3,-3,-3,-3,-3,-3,-3,-3,-3,-3,-3,-3,-3,-3,-3,-3,-3,-3,-3,-3,-3,0,0,-3,-3,-2,-2,-3,-3,-3,-3,-2,-2,-2,-2,-3,-3,-2,-2,-2,-2,-3,-3,-3,-3,-3,-3,-2,-2,-3,-3,0,0,1,0,-3,-3,-3,-3,-3,-3,-3,-3,-2,-2,-3,-3,-3,-2,-3,-3,-3,-3,-3,-3,-3,-3,-3,-3,-3,-3,-3,-3,0,0,-3,-3,-3,-3,-2,-2,-3,-3,-3,-3,-3,-3,-3,-3,-3,-3,-3,-3,-3,-3,-3,-3,-3,-3,-2,-2,-3,-3,-3,-3,0,2,10:01 AM
6543c80b824512a6f0bf5e82,3,1,3,0,-1,1,-3,3,1,-3,-1,-1,-1,-1,1,-1,-3,-3,3,3,3,3,-2,-1,-1,1,3,3,1,3,-1,-2,3,3,3,2,1,1,-1,-3,-3,-3,0,0,-1,-1,0,0,-2,2,-3,-3,-3,-3,1,1,1,2,3,3,1,3,1,1,1,1,1,1,-3,-3,-3,-3,3,3,-2,-2,1,3,-3,-3,1,-2,-3,-3,3,2,-1,3,3,3,1,-1,3,1,-1,-3,1,2,3,3,1,1,3,1,3,1,1,-1,1,-3,0,0,-3,-2,-3,-1,-2,2,3,3,2,2,1,1,-3,-3,-3,-3,0,0,-2,-2,2,1,3,3,-3,1,-1,-3,-3,-3,-1,3,-2,-3,-3,-3,-3,-3,1,-1,1,-1,-3,-3,-2,-2,1,1,-3,-3,-3,-2,-1,-1,3,-3,-3,-3,1,-1,-1,-2,-3,2,0,-3,-3,-3,2,-2,1,-3,-3,-3,-1,-2,-1,-3,0,0,-3,3,-1,1,3,3,-1,2,2,3,0,-3,-1,-1,-3,-3,-3,-3,-3,-3,-3,-3,-3,-1,-3,-3,0,2,-3,-1,0,-3,2,-2,1,-1,-1,-1,-1,1,-2,2,-3,3,-3,-3,-3,-3,2,1,-1,3,-1,-3,2,-3,2,-2,-3,-3,-3,-3,-1,-2,3,1,0,2,10:15 AM
66391b315f82b602182e3569,2,2,1,-1,-1,-1,-2,-3,-3,-3,-3,-3,-3,-3,-3,-3,-3,-3,-1,0,-1,-2,-3,-3,-3,-3,-3,-2,-3,-3,-3,-3,-3,-3,-3,-3,-3,0,-2,-3,-3,-3,-3,-3,-3,0,0,-3,1,-3,-3,-3,-3,-2,-3,-3,0,0,-1,1,-2,0,-2,-2,-2,-3,-3,-3,-3,-3,-3,-3,-2,1,-3,-3,3,2,-3,-2,-3,-2,-3,-3,-3,-3,-3,-3,1,-1,0,1,1,2,-3,-3,-2,-1,-2,1,-2,-1,-1,0,-2,1,-1,-1,-2,0,-3,-3,-3,-3,-3,-3,-3,-3,1,-3,-3,-2,-3,0,-3,-3,-3,-3,0,0,1,2,1,2,1,2,1,2,0,1,0,1,1,1,1,2,0,1,0,0,1,-2,0,1,1,1,1,1,2,1,1,1,-2,1,-1,1,-3,1,-3,1,-1,-3,-1,-3,-3,-3,-2,-3,-1,-2,-3,0,0,0,-1,-1,0,0,1,-3,0,1,-2,-2,2,2,2,2,3,3,1,1,0,1,1,1,0,-2,0,2,0,1,-1,1,1,2,-1,0,2,1,2,1,1,1,1,0,0,0,1,1,-2,-1,1,-3,0,0,-1,-1,0,1,1,0,0,1,-2,0,0,0,0,0,-1,0,1,-1,0,0,0,0,0,2,10:21 AM
6543b5bc5d5130721d63e392,1,-2,-2,1,-2,-3,-3,1,-3,-2,-3,-3,-3,-2,-2,-3,-1,-3,2,1,-1,-2,0,-3,-2,-3,3,-1,-1,-3,2,0,1,-2,-1,1,-2,-2,-3,-3,1,1,1,-3,-3,-3,3,-3,1,1,-1,-3,1,-1,-2,1,-3,-1,1,1,-2,-2,-3,1,-2,-3,1,1,1,-2,-3,-3,1,-2,-3,-3,2,-1,-2,-1,-3,-3,0,-1,1,2,-1,1,2,2,1,2,1,2,-2,1,1,1,-2,2,1,-2,-3,-3,2,1,2,-3,1,-3,-3,-3,1,1,-1,-3,1,-1,-1,1,-2,1,2,1,-2,-3,-2,-3,0,0,-1,-1,0,-3,-2,1,-2,2,1,-2,2,1,-1,1,2,1,1,1,1,-2,1,2,1,1,3,3,2,3,3,3,3,3,-2,2,-3,2,-3,3,-2,1,-1,-3,1,1,1,-2,0,-1,1,-3,1,-2,1,-2,-1,-3,1,0,1,-1,2,2,1,-1,1,2,1,2,-1,3,-1,-3,-2,-2,1,-1,2,2,1,1,-1,1,1,2,1,3,1,1,1,2,2,2,1,2,2,1,-2,2,-2,2,-3,1,-2,1,2,-1,1,-3,-1,-2,0,0,-1,-2,1,-2,1,-2,1,1,2,0,1,3,2,3,1,-1,0,2,10:15 AM
664b3dbcb30dd9b94a597726,1,1,1,1,-3,2,-3,3,-1,0,-3,-2,-3,-3,-3,-3,-3,-3,3,3,3,3,2,2,1,1,3,3,-1,1,2,2,3,3,3,3,2,2,1,1,-1,-1,1,1,-1,0,1,1,3,3,-3,-3,-3,-2,-3,-2,-3,-2,3,3,2,2,2,2,2,2,-3,-3,-3,-2,0,1,3,3,2,2,3,3,1,1,-3,-2,-3,-2,-2,-2,-3,-3,3,3,2,2,3,3,1,1,2,3,3,3,2,2,2,2,3,3,3,3,2,2,1,1,3,3,-3,-2,2,2,1,1,-3,-3,-2,-1,2,3,-3,-2,0,0,-3,-2,1,1,1,1,-3,-2,-3,-3,-3,-2,-3,-2,-1,-3,0,1,-3,-2,-3,-2,-3,-2,1,1,-1,-1,-1,1,-3,-2,-3,-1,-3,-2,-3,-2,-3,-2,-3,-2,-3,-2,-3,-2,-3,-2,-3,-1,-3,-2,-3,-1,-3,-2,-2,-2,-3,-2,-1,0,-1,0,-3,-1,-3,-2,-3,-2,-3,-2,-3,-2,-3,-2,-1,-1,-3,-2,-3,-2,-3,2,-3,-2,-3,-2,-3,-3,-3,-2,-3,-2,-3,-2,0,2,-3,-2,-3,-2,-3,-2,-3,-2,-3,-2,-3,-2,-3,-2,-3,-2,-3,-3,-3,-3,-3,-2,-3,-2,-2,-1,-2,-2,-3,-2,0,2,10:00 AM
66977f10b79820806f993c71,1,1,1,0,-2,-3,-3,-1,-1,0,-3,-3,0,0,-3,-3,-3,-3,1,0,1,0,-3,-3,-3,-3,1,1,-3,-3,-1,-1,1,1,-2,0,-3,-3,0,0,1,-1,-3,-3,-3,-3,1,0,2,1,-3,-3,-1,0,-3,-3,-3,-3,2,2,2,2,1,0,2,2,-3,-3,-3,-3,-3,-3,2,1,-3,-3,1,1,-3,-3,-3,-3,-2,-1,1,1,-2,0,1,1,2,2,1,-1,1,1,0,2,1,2,-2,-2,-3,-3,1,1,1,0,0,0,-3,-3,1,2,0,0,-2,0,-1,0,-3,2,-2,-1,0,0,0,0,0,0,1,1,-1,-2,1,1,1,1,-3,-3,-1,1,-3,-3,0,0,0,0,1,3,0,0,1,1,1,1,0,2,1,1,1,0,0,1,-3,-3,-2,-2,-3,-3,-3,-3,1,0,0,0,-3,-3,-1,0,-2,-1,-2,-3,0,0,-2,0,0,0,0,0,-2,-2,-1,-1,1,1,1,1,1,1,-3,-3,1,1,1,0,0,0,-2,-2,0,-3,-3,-2,1,0,0,0,-2,-3,2,1,1,1,0,0,-1,1,-1,0,-1,0,-3,-3,-3,-3,0,0,-2,-2,0,0,-3,-3,-2,0,-3,-3,-1,0,-2,-2,-3,-3,0,1,0,2,10:03 AM
66c9e50910f2f988deb5990e,1,1,-1,-1,1,1,-3,-3,-3,-3,-3,-3,-3,-3,-3,-3,-3,-3,2,2,2,2,-3,-3,-3,-3,3,3,3,3,1,1,2,2,0,0,-3,-3,-3,-3,2,2,0,0,-3,-3,2,2,2,2,1,1,-3,-3,-1,-1,-3,-2,3,3,-1,-1,-3,-3,-3,-3,-3,-3,-3,-3,-3,-3,3,3,1,-1,2,2,1,1,-1,-1,1,1,-3,-3,3,1,3,3,2,1,2,2,-3,-3,3,3,2,2,1,1,-3,-3,2,2,-3,3,2,2,-3,-3,3,3,-3,-3,1,1,3,3,-3,-3,1,1,1,2,-3,-3,0,0,-2,-2,-3,-3,0,0,-1,-1,-3,-3,-3,-3,-3,-3,-3,-3,-3,-3,-2,-2,-3,-3,-3,-3,-3,-3,-3,-3,-3,-3,-3,-3,-3,-3,-3,-3,-3,-3,-2,-2,-3,-3,-3,-3,-3,-3,-3,-3,-3,-3,-3,-3,-3,-3,-3,-3,-3,-3,-3,-3,-3,-3,2,3,3,3,-3,-3,-3,-3,-3,-3,-3,-3,-3,-3,-3,-3,-3,-3,-3,-3,-3,-3,-2,-2,-3,-3,-2,-2,-2,-2,-2,-2,-3,-3,-3,-3,-3,-3,-3,-3,-3,-3,-3,-3,-3,-3,-3,-3,-3,-3,-3,-3,-3,-3,-3,-3,-3,-3,-1,0,-3,-3,-3,-3,-3,-3,0,2,10:06 AM
65fb0b185f0a504431d66cf1,2,3,1,1,-3,-3,1,0,-3,-3,1,1,-1,-2,-3,-3,-1,1,3,3,2,2,0,0,1,0,2,2,3,3,1,1,-3,-3,1,1,1,1,-2,-3,-1,-2,2,2,-1,-2,1,1,-3,-3,1,0,-3,1,1,0,-1,0,2,3,-3,-2,1,0,-1,-2,2,1,1,1,-3,0,2,3,0,-2,2,3,-1,-2,-1,-2,-3,-3,1,1,1,1,2,2,3,3,2,2,1,1,2,2,3,3,1,1,1,-1,2,2,1,-1,2,2,-3,-3,1,0,1,1,1,1,-3,0,1,2,1,2,-3,-2,-1,-2,0,0,1,1,1,2,1,1,1,0,1,1,1,1,1,1,2,2,1,1,2,2,2,2,2,2,2,3,2,3,2,3,-3,1,-3,-3,-1,-2,-1,-1,-1,-2,-2,-2,-2,-3,-3,-3,-1,-1,1,1,1,1,-2,-2,-1,-2,-1,-2,1,1,-1,-2,1,1,2,1,2,2,2,2,2,2,2,2,-2,-1,1,1,1,1,2,2,2,2,2,2,2,2,3,3,2,2,3,3,2,2,1,1,1,1,1,1,-1,-2,1,1,-1,-1,1,1,-3,-2,2,2,1,1,1,1,-2,-1,2,2,2,2,1,1,1,1,0,2,10:00 AM
66db2d2f8145404a26364141,3,3,0,1,1,3,0,1,0,1,1,0,-3,-3,1,1,-2,-3,3,2,3,2,1,0,-2,-1,2,3,2,1,1,1,2,2,1,1,2,1,-1,0,3,3,1,0,-2,-2,-1,0,3,3,2,2,2,2,3,2,-1,-1,3,3,1,1,1,1,0,0,0,0,1,0,-3,-3,3,3,2,1,1,1,3,3,3,2,0,0,1,1,1,1,2,3,3,3,3,3,1,0,3,3,1,1,1,1,0,1,1,1,2,2,2,2,1,0,3,3,1,2,1,2,3,3,3,2,2,2,3,3,1,0,0,0,2,2,3,2,2,3,3,3,0,0,0,0,1,0,-1,0,1,0,0,1,1,0,1,1,2,3,2,2,1,1,2,2,1,1,1,2,1,0,0,0,-1,1,0,-3,-1,-1,0,-1,1,0,-1,0,-1,-2,0,-1,1,1,1,1,1,0,1,3,2,2,2,2,3,3,2,2,0,1,0,0,-1,-1,1,0,1,1,1,1,1,0,1,0,2,1,1,1,2,2,2,2,1,1,1,1,1,1,1,1,-1,0,-1,-1,0,-1,-2,-1,-1,-1,1,1,-1,-1,1,1,1,1,1,1,2,2,1,1,0,2,10:15 AM
60e2ebb6ad1d5ee0e515a7c5,1,3,-2,-3,-1,1,-2,0,-1,-2,-2,-1,-3,-1,-1,-3,-3,-3,1,0,1,0,-1,1,-1,0,-1,0,2,1,2,0,-1,1,-1,0,1,2,-3,-3,-2,-1,2,1,-1,-1,-1,0,-1,0,1,-2,-3,-3,1,1,-2,0,2,2,-2,-3,-3,-1,1,2,0,1,-1,0,-3,-2,0,1,-1,0,2,1,-2,-1,-1,1,-2,1,-3,-1,-2,0,1,2,1,2,1,2,-3,-3,-1,2,0,1,1,2,-1,1,0,1,-1,0,1,3,-1,-1,2,2,-1,2,2,2,1,0,2,2,3,2,-3,-3,-2,-1,1,-1,1,2,1,1,-1,2,-1,1,-2,1,-1,-1,-1,0,-3,-3,-2,-1,-1,0,-1,-2,-3,1,1,2,2,3,1,3,2,3,-2,0,0,1,1,1,0,1,-3,-1,-3,-1,-2,-1,-3,-1,-1,0,-1,2,-1,1,1,-1,1,2,1,1,1,1,1,2,-2,2,-1,3,0,3,0,2,-3,1,-3,-1,-1,0,-1,-2,1,3,-2,-1,1,3,-2,1,2,1,-1,1,2,2,1,3,0,2,0,1,0,2,-2,-1,-3,-3,-1,0,-2,0,-2,0,0,2,-2,1,1,1,-1,-1,1,2,1,0,1,1,1,1,0,2,10:24 AM
66a7dbfbc78674868afa3b59,0,0,1,2,1,2,-2,-2,1,3,-1,0,0,1,1,2,1,1,1,3,1,3,-3,-3,-3,-3,3,3,0,1,1,2,2,3,2,3,1,-2,-2,-2,3,3,1,-1,0,0,0,1,2,2,2,3,2,3,0,0,-1,-2,3,3,3,3,1,2,-1,-1,1,2,2,3,1,1,3,3,0,1,3,3,2,2,2,2,0,0,2,3,2,3,2,3,3,3,2,3,0,1,2,2,1,1,1,0,1,1,2,3,2,2,3,3,-2,-1,2,3,-2,0,2,3,1,2,2,2,1,3,0,1,1,2,0,0,2,3,3,3,2,3,3,3,2,3,2,3,1,2,1,2,3,3,1,2,-1,-1,2,3,1,2,0,1,2,3,2,3,1,1,0,0,1,2,-1,0,0,1,-2,-3,3,3,-1,0,2,3,0,1,-1,-1,-1,0,1,1,0,0,0,1,0,1,3,3,3,3,3,3,2,3,2,2,2,3,3,3,1,1,3,3,2,3,3,3,2,3,3,3,3,3,3,3,3,3,-1,-2,1,2,1,0,1,1,-1,0,2,1,2,3,0,1,1,2,1,1,1,2,1,1,0,1,1,2,1,3,1,2,0,2,10:22 AM
669a4f388b2de8df723faf1e,1,1,1,0,1,0,-1,-2,-1,-1,0,0,-3,-3,0,-1,-2,-3,1,0,1,1,-3,-1,-3,-3,1,1,0,0,0,1,1,-1,1,1,-3,-3,-3,-3,1,1,0,0,1,1,2,2,2,1,0,1,0,0,0,1,-3,-3,1,1,0,1,0,0,-3,-3,0,1,0,-2,-3,-3,1,1,-3,-3,2,1,2,1,-2,-3,-2,-2,1,1,-3,-3,1,0,2,1,1,1,-3,-3,1,1,2,1,0,0,0,0,1,1,1,1,1,-1,-3,-3,0,1,-3,-2,1,0,2,2,-2,-3,-2,-1,1,1,-3,-3,0,0,0,0,0,0,0,0,0,-1,1,0,1,1,1,2,1,-1,1,1,1,1,1,1,1,0,1,0,2,1,1,1,0,-1,0,0,0,0,-2,-3,0,0,0,-2,1,0,1,0,0,0,0,-1,0,0,1,-1,1,0,2,1,1,0,-2,-2,0,-2,0,1,1,1,0,0,1,1,1,0,1,1,1,1,1,1,1,1,2,2,1,1,1,0,1,1,2,1,2,1,1,1,-1,-1,0,-2,0,0,0,0,1,0,0,0,0,-1,0,0,1,1,1,0,0,0,0,0,0,0,-2,-1,0,0,-2,-2,0,2,11:00 AM